Date,delta
2013-01-02,
2013-01-03,-0.026744842529296875
2013-01-04,0.03744316101074219
2013-01-07,-0.1390695571899414
2013-01-08,0.04813957214355469
2013-01-09,0.17116165161132812
2013-01-10,0.04279041290283203
2013-01-11,0.048137664794921875
2013-01-14,-0.0909280776977539
2013-01-15,0.08023262023925781
2013-01-16,0.0
2013-01-17,0.09092998504638672
2013-01-18,-0.10162734985351562
2013-01-21,0.010697364807128906
2013-01-22,0.03744029998779297
2013-01-23,-0.005347251892089844
2013-01-24,-0.010697364807128906
2013-01-25,-0.07488441467285156
2013-01-28,0.0
2013-01-29,0.053488731384277344
2013-01-30,-0.4867420196533203
2013-01-31,0.048140525817871094
2013-02-01,0.0
2013-02-04,-0.3262786865234375
2013-02-05,0.19255733489990234
2013-02-06,-0.03744029998779297
2013-02-07,-0.44930267333984375
2013-02-08,0.05348968505859375
2013-02-11,-0.06418514251708984
2013-02-12,0.0909280776977539
2013-02-13,0.08558273315429688
2013-02-14,-0.17116260528564453
2013-02-15,0.197906494140625
2013-02-18,-0.02674388885498047
2013-02-19,0.10697555541992188
2013-02-20,-0.08557891845703125
2013-02-21,-0.21930217742919922
2013-02-22,0.11232280731201172
2013-02-25,0.03209400177001953
2013-02-26,-0.28348445892333984
2013-02-27,0.19790267944335938
2013-02-28,0.04279136657714844
2013-03-01,-0.12302207946777344
2013-03-04,0.010697364807128906
2013-03-05,0.28348827362060547
2013-03-06,0.03744029998779297
2013-03-07,0.139068603515625
2013-03-08,-0.0106964111328125
2013-03-11,-0.02674579620361328
2013-03-12,0.07488346099853516
2013-03-13,-0.13372230529785156
2013-03-14,0.29953670501708984
2013-03-15,-0.1390705108642578
2013-03-18,-0.05883312225341797
2013-03-19,-0.13907241821289062
2013-03-20,0.18186092376708984
2013-03-21,-0.048140525817871094
2013-03-22,0.03209400177001953
2013-03-25,-0.10163021087646484
2013-03-26,-0.08557701110839844
2013-03-27,-0.10163021087646484
2013-03-28,-0.05348777770996094
2013-04-02,0.25139427185058594
2013-04-03,-0.22464942932128906
2013-04-04,-0.010699272155761719
2013-04-05,-0.05348682403564453
2013-04-08,0.06418609619140625
2013-04-09,0.1497659683227539
2013-04-10,0.1283702850341797
2013-04-11,-0.010694503784179688
2013-04-12,-0.1283731460571289
2013-04-15,-0.10697555541992188
2013-04-16,-0.09627914428710938
2013-04-17,-0.09627723693847656
2013-04-18,0.037441253662109375
2013-04-19,0.021391868591308594
2013-04-22,0.042794227600097656
2013-04-23,0.12302207946777344
2013-04-24,0.2299957275390625
2013-04-25,-0.0802316665649414
2013-04-26,-0.06418418884277344
2013-04-29,0.16046428680419922
2013-04-30,0.0
2013-05-02,-0.02674388885498047
2013-05-03,0.16581249237060547
2013-05-06,-0.010697364807128906
2013-05-07,0.06418800354003906
2013-05-08,-0.010699272155761719
2013-05-09,-0.02139568328857422
2013-05-10,0.0695343017578125
2013-05-13,-0.04813861846923828
2013-05-14,0.21395111083984375
2013-05-15,0.03743934631347656
2013-05-16,-0.06418323516845703
2013-05-17,0.0695333480834961
2013-05-20,0.02752971649169922
2013-05-21,-0.0880880355834961
2013-05-22,0.0880880355834961
2013-05-23,-0.2642631530761719
2013-05-24,-0.14313983917236328
2013-05-27,0.15965843200683594
2013-05-28,0.2202167510986328
2013-05-29,-0.18718528747558594
2013-05-30,-0.1431417465209961
2013-05-31,-0.18718338012695312
2013-06-03,0.049549102783203125
2013-06-04,0.03303050994873047
2013-06-05,-0.18167877197265625
2013-06-06,-0.17617225646972656
2013-06-07,0.1651630401611328
2013-06-10,-0.03853797912597656
2013-06-11,-0.12112045288085938
2013-06-12,-0.1376361846923828
2013-06-13,-0.07157135009765625
2013-06-14,0.1156167984008789
2013-06-17,-0.1981983184814453
2013-06-18,-0.12111854553222656
2013-06-19,-0.09909915924072266
2013-06-20,-0.2752714157104492
2013-06-21,-0.05505657196044922
2013-06-24,-0.03853607177734375
2013-06-25,-0.06606483459472656
2013-06-26,0.22021865844726562
2013-06-27,0.08258056640625
2013-06-28,-0.03303337097167969
2013-07-01,0.10460376739501953
2013-07-02,-0.10460376739501953
2013-07-03,-0.03853893280029297
2013-07-04,0.24224090576171875
2013-07-05,-0.22021770477294922
2013-07-08,0.06055736541748047
2013-07-09,-0.03853607177734375
2013-07-10,-0.02202129364013672
2013-07-11,0.10460281372070312
2013-07-12,0.033034324645996094
2013-07-15,0.13212966918945312
2013-07-16,-0.044043540954589844
2013-07-17,0.1431407928466797
2013-07-18,0.10460472106933594
2013-07-19,0.016513824462890625
2013-07-22,0.022024154663085938
2013-07-23,-0.022024154663085938
2013-07-24,0.17617511749267578
2013-07-25,-0.04404258728027344
2013-07-26,-0.08258342742919922
2013-07-29,-0.15415287017822266
2013-07-30,0.1156158447265625
2013-07-31,-0.027525901794433594
2013-08-01,0.29729270935058594
2013-08-02,0.06055641174316406
2013-08-05,-0.04954719543457031
2013-08-06,-0.10460186004638672
2013-08-07,0.03853797912597656
2013-08-08,0.06606388092041016
2013-08-09,-0.04403972625732422
2013-08-12,-0.011013031005859375
2013-08-13,0.060561180114746094
2013-08-14,0.055052757263183594
2013-08-16,0.044043540954589844
2013-08-19,-0.18167877197265625
2013-08-20,-0.12662696838378906
2013-08-21,-0.08808708190917969
2013-08-22,0.22021961212158203
2013-08-23,0.21471023559570312
2013-08-26,-0.1101064682006836
2013-08-27,-0.022024154663085938
2013-08-28,0.26976966857910156
2013-08-29,-0.02202320098876953
2013-08-30,-0.1981964111328125
2013-09-02,0.13213062286376953
2013-09-03,-0.09359264373779297
2013-09-04,-0.027525901794433594
2013-09-05,-0.016515731811523438
2013-09-06,0.07707691192626953
2013-09-09,-0.08809089660644531
2013-09-10,0.04955005645751953
2013-09-11,0.0
2013-09-12,-0.0055065155029296875
2013-09-13,0.10460472106933594
2013-09-16,0.02202129364013672
2013-09-17,-0.016513824462890625
2013-09-18,0.060558319091796875
2013-09-19,0.110107421875
2013-09-20,0.06056022644042969
2013-09-23,-0.03975677490234375
2013-09-24,-0.03407478332519531
2013-09-25,0.017037391662597656
2013-09-26,-0.10223102569580078
2013-09-27,-0.0056781768798828125
2013-09-30,-0.09087181091308594
2013-10-01,0.19310379028320312
2013-10-02,-0.039757728576660156
2013-10-03,-0.06815338134765625
2013-10-04,0.056794166564941406
2013-10-07,-0.03407764434814453
2013-10-08,-0.017037391662597656
2013-10-09,0.05111503601074219
2013-10-10,0.15334415435791016
2013-10-11,0.0
2013-10-14,0.005679130554199219
2013-10-15,0.06815338134765625
2013-10-16,0.14198875427246094
2013-10-17,-0.09655189514160156
2013-10-18,0.051117897033691406
2013-10-21,-0.022721290588378906
2013-10-22,0.10223102569580078
2013-10-23,-0.14198970794677734
2013-10-24,0.09655380249023438
2013-10-25,0.039755821228027344
2013-10-28,-0.034076690673828125
2013-10-29,0.15334701538085938
2013-10-30,0.1363086700439453
2013-10-31,0.1703805923461914
2013-11-01,-0.14198589324951172
2013-11-04,0.051116943359375
2013-11-05,-0.10791206359863281
2013-11-06,0.03407764434814453
2013-11-07,-0.2158212661743164
2013-11-08,-0.0056781768798828125
2013-11-11,0.04543590545654297
2013-11-12,-0.08519268035888672
2013-11-13,-0.056794166564941406
2013-11-14,0.1079092025756836
2013-11-15,0.03975677490234375
2013-11-18,0.1931018829345703
2013-11-19,-0.2158193588256836
2013-11-20,0.011357307434082031
2013-11-21,-0.045433998107910156
2013-11-22,-0.011359214782714844
2013-11-25,-0.03975677490234375
2013-11-26,-0.09087085723876953
2013-11-27,0.017038345336914062
2013-11-28,0.005679130554199219
2013-11-29,-0.02271747589111328
2013-12-02,-0.09087085723876953
2013-12-03,-0.1931018829345703
2013-12-04,-0.03407573699951172
2013-12-05,-0.1363086700439453
2013-12-06,0.06247425079345703
2013-12-09,0.03975677490234375
2013-12-10,-0.0795125961303711
2013-12-11,-0.20446014404296875
2013-12-12,-0.11358928680419922
2013-12-13,-0.051115989685058594
2013-12-16,0.2158212661743164
2013-12-17,-0.17606353759765625
2013-12-18,0.056794166564941406
2013-12-19,0.23285675048828125
2013-12-20,0.11926937103271484
2013-12-23,0.11359119415283203
2013-12-27,0.15902233123779297
2013-12-30,-0.045433998107910156
2014-01-02,-0.09655094146728516
2014-01-03,0.09086894989013672
2014-01-06,0.05679512023925781
2014-01-07,0.04543304443359375
2014-01-08,-0.1647014617919922
2014-01-09,-0.056793212890625
2014-01-10,0.07382965087890625
2014-01-13,-0.03975486755371094
2014-01-14,-0.06815242767333984
2014-01-15,0.04543781280517578
2014-01-16,-0.02839946746826172
2014-01-17,-0.005680084228515625
2014-01-20,0.0795125961303711
2014-01-21,0.011359214782714844
2014-01-22,0.07383155822753906
2014-01-23,-0.07383155822753906
2014-01-24,-0.2726144790649414
2014-01-27,0.03975391387939453
2014-01-28,-0.05111408233642578
2014-01-29,-0.09087181091308594
2014-01-30,0.09655284881591797
2014-01-31,-0.028398513793945312
2014-02-03,-0.1931009292602539
2014-02-04,-0.04543590545654297
2014-02-05,-0.10223007202148438
2014-02-06,0.11926651000976562
2014-02-07,0.034079551696777344
2014-02-10,0.03975677490234375
2014-02-11,0.11926651000976562
2014-02-12,0.11927032470703125
2014-02-13,-0.01704120635986328
2014-02-14,0.159027099609375
2014-02-17,-0.005679130554199219
2014-02-18,0.0
2014-02-19,0.04543495178222656
2014-02-20,-0.005677223205566406
2014-02-21,0.0227203369140625
2014-02-24,0.03407478332519531
2014-02-25,0.034073829650878906
2014-02-26,0.0
2014-02-27,-0.056794166564941406
2014-02-28,0.056794166564941406
2014-03-03,-0.20446014404296875
2014-03-04,0.2442178726196289
2014-03-05,-0.005680084228515625
2014-03-06,-0.017037391662597656
2014-03-07,-0.09655094146728516
2014-03-10,0.045436859130859375
2014-03-11,0.017037391662597656
2014-03-12,-0.06815528869628906
2014-03-13,-0.07383155822753906
2014-03-14,-0.03975677490234375
2014-03-17,0.1306314468383789
2014-03-18,0.10790634155273438
2014-03-19,-0.017040252685546875
2014-03-20,0.03975963592529297
2014-03-21,0.23285484313964844
2014-03-24,-0.164703369140625
2014-03-25,0.09655189514160156
2014-03-26,0.039755821228027344
2014-03-27,-0.028398513793945312
2014-03-28,0.15902423858642578
2014-03-31,0.01703929901123047
2014-04-01,-0.01703929901123047
2014-04-02,-0.00567626953125
2014-04-03,0.017037391662597656
2014-04-04,0.056793212890625
2014-04-07,-0.07383060455322266
2014-04-08,-0.022721290588378906
2014-04-09,0.07383346557617188
2014-04-10,-0.011358261108398438
2014-04-11,-0.056793212890625
2014-04-14,0.18174266815185547
2014-04-15,-0.03975868225097656
2014-04-16,0.17038631439208984
2014-04-17,0.06815242767333984
2014-04-22,-0.0283966064453125
2014-04-23,-0.09655284881591797
2014-04-24,0.08519554138183594
2014-04-25,-0.1817455291748047
2014-04-28,-0.05679512023925781
2014-04-29,0.30669116973876953
2014-04-30,-0.08519172668457031
2014-05-02,0.0
2014-05-05,-0.05111503601074219
2014-05-06,-0.011358261108398438
2014-05-07,0.0795145034790039
2014-05-08,0.1703805923461914
2014-05-09,-0.06815338134765625
2014-05-12,0.04543590545654297
2014-05-13,-0.09086990356445312
2014-05-14,0.005680084228515625
2014-05-15,-0.19310379028320312
2014-05-16,0.06247425079345703
2014-05-19,-9.5367431640625e-07
2014-05-20,-0.05852031707763672
2014-05-21,0.2399454116821289
2014-05-22,0.0
2014-05-23,0.18142223358154297
2014-05-26,0.1521596908569336
2014-05-27,-0.01755809783935547
2014-05-28,-0.02340984344482422
2014-05-29,-0.03511333465576172
2014-05-30,-0.07607841491699219
2014-06-02,0.07022571563720703
2014-06-03,0.02926349639892578
2014-06-04,-0.1404571533203125
2014-06-05,0.16971683502197266
2014-06-06,0.06437873840332031
2014-06-09,0.07607841491699219
2014-06-10,0.04681968688964844
2014-06-11,-0.12289810180664062
2014-06-12,0.11704730987548828
2014-06-13,0.1872692108154297
2014-06-16,0.005854606628417969
2014-06-17,-0.058524131774902344
2014-06-18,0.052669525146484375
2014-06-19,0.2926187515258789
2014-06-20,-0.052669525146484375
2014-06-23,0.023407936096191406
2014-06-24,0.02926158905029297
2014-06-25,-0.08193206787109375
2014-06-26,-0.058524131774902344
2014-06-27,0.03511524200439453
2014-06-30,0.07022571563720703
2014-07-01,0.07022953033447266
2014-07-02,0.058521270751953125
2014-07-03,0.12290287017822266
2014-07-04,-0.09949016571044922
2014-07-07,-0.15801525115966797
2014-07-08,-0.22238731384277344
2014-07-09,0.09363842010498047
2014-07-10,-0.2575035095214844
2014-07-11,0.04096412658691406
2014-07-14,0.1053457260131836
2014-07-15,-0.11704826354980469
2014-07-16,0.29846954345703125
2014-07-17,-0.2282419204711914
2014-07-18,0.052669525146484375
2014-07-21,-0.15800952911376953
2014-07-22,0.2750587463378906
2014-07-23,0.011704444885253906
2014-07-24,0.13460159301757812
2014-07-25,-0.18142318725585938
2014-07-28,-0.029259681701660156
2014-07-29,0.08193206787109375
2014-07-30,-0.24579906463623047
2014-07-31,-0.18727493286132812
2014-08-01,-0.1638631820678711
2014-08-04,0.02926158905029297
2014-08-05,-0.12289905548095703
2014-08-06,-0.0877838134765625
2014-08-07,-0.1521615982055664
2014-08-08,-0.005850791931152344
2014-08-11,0.11119270324707031
2014-08-12,-0.13460350036621094
2014-08-13,0.04681682586669922
2014-08-14,0.08193588256835938
2014-08-18,-0.011705398559570312
2014-08-19,0.04681873321533203
2014-08-20,-0.01755809783935547
2014-08-21,0.14630985260009766
2014-08-22,-0.1404581069946289
2014-08-25,0.25165367126464844
2014-08-26,0.122894287109375
2014-08-27,0.011707305908203125
2014-08-28,-0.19312572479248047
2014-08-29,0.1345996856689453
2014-09-01,-0.03511238098144531
2014-09-02,0.03511238098144531
2014-09-03,0.14046096801757812
2014-09-04,0.2106790542602539
2014-09-05,-0.0760793685913086
2014-09-08,-0.11119270324707031
2014-09-09,-0.0643758773803711
2014-09-10,-0.04681968688964844
2014-09-11,-0.11704730987548828
2014-09-12,-0.052669525146484375
2014-09-15,-0.11119461059570312
2014-09-16,0.08193302154541016
2014-09-17,0.14045429229736328
2014-09-18,0.017556190490722656
2014-09-19,0.0
2014-09-22,-0.03617668151855469
2014-09-23,-0.1869344711303711
2014-09-24,0.27738380432128906
2014-09-25,-0.1266326904296875
2014-09-26,0.13869476318359375
2014-09-29,-0.048241615295410156
2014-09-30,0.24120140075683594
2014-10-01,-0.15678119659423828
2014-10-02,-0.4281339645385742
2014-10-03,-0.012060165405273438
2014-10-06,-0.10251140594482422
2014-10-07,-0.24723148345947266
2014-10-08,-0.10251235961914062
2014-10-09,-0.07838916778564453
2014-10-10,-0.23517131805419922
2014-10-13,0.04221153259277344
2014-10-14,-0.07236480712890625
2014-10-15,-0.3376798629760742
2014-10-16,-0.08442115783691406
2014-10-17,0.3015022277832031
2014-10-20,-0.22311115264892578
2014-10-21,0.18692970275878906
2014-10-22,0.07236099243164062
2014-10-23,0.10251235961914062
2014-10-24,-0.11457157135009766
2014-10-27,-0.192962646484375
2014-10-28,0.2291402816772461
2014-10-29,-0.07838821411132812
2014-10-30,0.14472103118896484
2014-10-31,0.2592926025390625
2014-11-03,-0.16281509399414062
2014-11-04,-0.3557710647583008
2014-11-05,0.1869344711303711
2014-11-06,0.024117469787597656
2014-11-07,-0.04823875427246094
2014-11-10,0.1025094985961914
2014-11-11,-0.0060291290283203125
2014-11-12,-0.2592935562133789
2014-11-13,-0.024118423461914062
2014-11-14,0.07838821411132812
2014-11-17,0.0964822769165039
2014-11-18,0.06029987335205078
2014-11-19,0.0
2014-11-20,-0.042209625244140625
2014-11-21,0.46431446075439453
2014-11-24,0.0060291290283203125
2014-11-25,-0.036179542541503906
2014-11-26,-0.17487335205078125
2014-11-27,-0.1989908218383789
2014-11-28,-0.27135181427001953
2014-12-01,-0.24120426177978516
2014-12-02,0.06633186340332031
2014-12-03,0.05427265167236328
2014-12-04,-0.33768367767333984
2014-12-05,0.11457157135009766
2014-12-08,-0.3195953369140625
2014-12-09,-0.18693256378173828
2014-12-10,-0.11456871032714844
2014-12-11,-0.05427074432373047
2014-12-12,-0.36783504486083984
2014-12-15,-0.2894411087036133
2014-12-16,0.3135643005371094
2014-12-17,0.15075111389160156
2014-12-18,0.26531982421875
2014-12-19,0.21105289459228516
2014-12-22,-0.09045028686523438
2014-12-23,0.14472007751464844
2014-12-29,-0.1326589584350586
2014-12-30,-0.1266317367553711
2015-01-02,0.048239707946777344
2015-01-05,-0.7356662750244141
2015-01-06,0.10854053497314453
2015-01-07,0.04221153259277344
2015-01-08,0.3195915222167969
2015-01-09,-0.3195915222167969
2015-01-12,0.042209625244140625
2015-01-13,0.1326608657836914
2015-01-14,-0.24723148345947266
2015-01-15,0.3015003204345703
2015-01-16,0.2834148406982422
2015-01-19,-0.07236099243164062
2015-01-20,-0.04824066162109375
2015-01-21,0.30150318145751953
2015-01-22,0.19899272918701172
2015-01-23,-0.030152320861816406
2015-01-26,0.08442211151123047
2015-01-27,0.018091201782226562
2015-01-28,-0.01206207275390625
2015-01-29,-0.1628093719482422
2015-01-30,-0.01809215545654297
2015-02-02,0.11457157135009766
2015-02-03,0.33768272399902344
2015-02-04,-0.132659912109375
2015-02-05,0.15678119659423828
2015-02-06,-0.07839012145996094
2015-02-09,-0.06633281707763672
2015-02-10,-0.01808929443359375
2015-02-11,-0.1989917755126953
2015-02-12,0.23517227172851562
2015-02-13,0.21708106994628906
2015-02-16,-0.09044933319091797
2015-02-17,0.018090248107910156
2015-02-18,0.31959056854248047
2015-02-19,0.0
2015-02-20,0.07236289978027344
2015-02-23,0.04220771789550781
2015-02-24,0.1266336441040039
2015-02-25,-0.10251235961914062
2015-02-26,0.03618049621582031
2015-02-27,0.08442401885986328
2015-03-02,-0.09648418426513672
2015-03-03,-0.11456966400146484
2015-03-04,0.0
2015-03-05,0.04824066162109375
2015-03-06,-0.09045219421386719
2015-03-09,0.1929616928100586
2015-03-10,-0.2532615661621094
2015-03-11,0.1628103256225586
2015-03-12,-0.060298919677734375
2015-03-13,-0.4522533416748047
2015-03-16,-0.20502471923828125
2015-03-17,0.042212486267089844
2015-03-18,0.1386890411376953
2015-03-19,0.10251331329345703
2015-03-20,0.3256206512451172
2015-03-23,-0.08441829681396484
2015-03-24,0.018088340759277344
2015-03-25,-0.09044837951660156
2015-03-26,0.0
2015-03-27,0.030149459838867188
2015-03-30,0.08441829681396484
2015-03-31,-0.030149459838867188
2015-04-01,0.06633186340332031
2015-04-02,-0.0964813232421875
2015-04-07,0.37386417388916016
2015-04-08,0.030150413513183594
2015-04-09,0.09045124053955078
2015-04-10,0.07236003875732422
2015-04-13,0.05427074432373047
2015-04-14,0.012058258056640625
2015-04-15,0.18090248107910156
2015-04-16,-0.11457061767578125
2015-04-17,-0.2291421890258789
2015-04-20,0.0964813232421875
2015-04-21,-0.048239707946777344
2015-04-22,0.04221153259277344
2015-04-23,0.04823875427246094
2015-04-24,-0.036179542541503906
2015-04-27,0.21105003356933594
2015-04-28,0.0
2015-04-29,-0.15678119659423828
2015-04-30,0.03618049621582031
2015-05-04,0.0964822769165039
2015-05-05,-0.18090343475341797
2015-05-06,-0.006028175354003906
2015-05-07,-0.1567831039428711
2015-05-08,0.27738189697265625
2015-05-11,-0.09045028686523438
2015-05-12,-0.060301780700683594
2015-05-13,0.006030082702636719
2015-05-14,0.15678119659423828
2015-05-15,-0.18089962005615234
2015-05-18,0.012472152709960938
2015-05-19,0.20579147338867188
2015-05-20,0.031179428100585938
2015-05-21,0.0436553955078125
2015-05-22,-0.006239891052246094
2015-05-25,-0.2182607650756836
2015-05-26,-0.031182289123535156
2015-05-27,0.1434316635131836
2015-05-28,-0.06859683990478516
2015-05-29,-0.11225032806396484
2015-06-01,-0.06859683990478516
2015-06-02,0.031179428100585938
2015-06-03,-0.018707275390625
2015-06-04,-0.1995553970336914
2015-06-05,-0.09354114532470703
2015-06-08,-0.06859493255615234
2015-06-09,0.037415504455566406
2015-06-10,0.3429832458496094
2015-06-11,0.018709182739257812
2015-06-12,-0.1995525360107422
2015-06-15,-0.18708515167236328
2015-06-16,0.006237983703613281
2015-06-17,-0.006237983703613281
2015-06-18,0.06236076354980469
2015-06-19,0.1247243881225586
2015-06-22,0.4801769256591797
2015-06-23,0.006236076354980469
2015-06-24,0.024946212768554688
2015-06-25,-0.012473106384277344
2015-06-26,-0.006237030029296875
2015-06-29,-0.4552335739135742
2015-06-30,-0.11225128173828125
2015-07-01,0.08730411529541016
2015-07-02,-0.0997772216796875
2015-07-03,-0.10601139068603516
2015-07-06,-0.3429832458496094
2015-07-07,-0.34922313690185547
2015-07-08,0.17461109161376953
2015-07-09,0.3429832458496094
2015-07-10,0.24944591522216797
2015-07-13,0.012470245361328125
2015-07-14,-0.018708229064941406
2015-07-15,0.1184854507446289
2015-07-16,0.018707275390625
2015-07-17,-0.06859493255615234
2015-07-20,0.049887657165527344
2015-07-21,0.0
2015-07-22,-0.11224746704101562
2015-07-23,0.012470245361328125
2015-07-24,-0.031179428100585938
2015-07-27,-0.3242759704589844
2015-07-28,0.28685951232910156
2015-07-29,0.049887657165527344
2015-07-30,0.04988861083984375
2015-07-31,0.024944305419921875
2015-08-03,-0.012471199035644531
2015-08-04,-0.0997772216796875
2015-08-05,0.23073482513427734
2015-08-06,-0.08730602264404297
2015-08-07,0.07483386993408203
2015-08-10,0.049887657165527344
2015-08-11,-0.17460918426513672
2015-08-12,-0.2245006561279297
2015-08-13,0.09977912902832031
2015-08-14,-0.11225032806396484
2015-08-17,-0.006237030029296875
2015-08-18,-0.09353923797607422
2015-08-19,-0.2868614196777344
2015-08-20,-0.1559009552001953
2015-08-21,-0.24944591522216797
2015-08-24,-0.710911750793457
2015-08-25,0.4240531921386719
2015-08-26,-0.20578956604003906
2015-08-27,0.5300674438476562
2015-08-28,0.04365062713623047
2015-08-31,0.13719463348388672
2015-09-01,-0.15590190887451172
2015-09-02,0.04365253448486328
2015-09-03,0.21826171875
2015-09-04,-0.21826171875
2015-09-07,0.06236076354980469
2015-09-08,0.06859588623046875
2015-09-09,0.12472343444824219
2015-09-10,-0.12472343444824219
2015-09-11,-0.06859588623046875
2015-09-14,-0.03741741180419922
2015-09-15,0.1995563507080078
2015-09-16,0.18708133697509766
2015-09-17,-0.07483291625976562
2015-09-18,-0.2993307113647461
2015-09-21,0.1923847198486328
2015-09-22,-0.35912036895751953
2015-09-23,0.12184429168701172
2015-09-24,-0.3014068603515625
2015-09-25,0.26934337615966797
2015-09-28,-0.26934337615966797
2015-09-29,0.07695579528808594
2015-09-30,0.230865478515625
2015-10-01,-0.012825965881347656
2015-10-02,0.19238567352294922
2015-10-05,0.3975973129272461
2015-10-06,0.16032028198242188
2015-10-07,0.05130577087402344
2015-10-08,0.12184333801269531
2015-10-09,0.025650978088378906
2015-10-12,-0.051300048828125
2015-10-13,0.0064105987548828125
2015-10-14,-0.06412792205810547
2015-10-15,0.12825584411621094
2015-10-16,0.12184524536132812
2015-10-19,-0.08977985382080078
2015-10-20,-0.09619331359863281
2015-10-21,0.006411552429199219
2015-10-22,0.16673660278320312
2015-10-23,-0.1154317855834961
2015-10-26,-0.14749622344970703
2015-10-27,-0.2629270553588867
2015-10-28,0.20521068572998047
2015-10-29,-0.11543083190917969
2015-10-30,-0.10901832580566406
2015-11-02,-0.0064144134521484375
2015-11-03,0.10260581970214844
2015-11-04,-0.0705413818359375
2015-11-05,-0.10901927947998047
2015-11-06,0.10901927947998047
2015-11-09,-0.12825870513916016
2015-11-10,0.15391063690185547
2015-11-11,-0.05771636962890625
2015-11-12,-0.2629280090332031
2015-11-13,-0.04488945007324219
2015-11-16,-0.006413459777832031
2015-11-17,0.3206453323364258
2015-11-18,-0.0064144134521484375
2015-11-19,0.051303863525390625
2015-11-20,-0.0705413818359375
2015-11-23,0.09619331359863281
2015-11-24,0.05130195617675781
2015-11-25,0.17955970764160156
2015-11-26,0.0641317367553711
2015-11-27,-0.07695770263671875
2015-11-30,0.07054424285888672
2015-12-01,-0.10901927947998047
2015-12-02,0.07695293426513672
2015-12-03,-0.3527069091796875
2015-12-04,-0.13466930389404297
2015-12-07,-0.230865478515625
2015-12-08,-0.23086166381835938
2015-12-09,0.06412792205810547
2015-12-10,0.006411552429199219
2015-12-11,-0.23086166381835938
2015-12-14,-0.2565155029296875
2015-12-15,0.33988189697265625
2015-12-16,-0.006412506103515625
2015-12-17,0.0
2015-12-18,-0.16673564910888672
2015-12-21,-0.0961904525756836
2015-12-22,0.0961904525756836
2015-12-23,0.29499149322509766
2015-12-28,-0.057715415954589844
2015-12-29,0.10901927947998047
2015-12-30,-0.15390777587890625
2015-12-31,0.0
2016-01-04,-0.2372760772705078
2016-01-05,0.07695388793945312
2016-01-06,-0.24368953704833984
2016-01-07,-0.06412792205810547
2016-01-08,-0.23727703094482422
2016-01-11,-0.03206443786621094
2016-01-12,0.019240379333496094
2016-01-13,0.0961923599243164
2016-01-14,0.11543083190917969
2016-01-15,-0.29499149322509766
2016-01-18,-0.08977985382080078
2016-01-19,0.10901832580566406
2016-01-20,-0.26934146881103516
2016-01-21,0.2501029968261719
2016-01-22,0.26934051513671875
2016-01-25,-0.10260772705078125
2016-01-26,0.17315006256103516
2016-01-27,0.03847694396972656
2016-01-28,0.019237518310546875
2016-01-29,0.0705423355102539
2016-02-01,-0.08977985382080078
2016-02-02,-0.4040107727050781
2016-02-03,-0.03206443786621094
2016-02-04,0.17955780029296875
2016-02-05,-0.13466835021972656
2016-02-08,-0.28858137130737305
2016-02-09,-0.3078145980834961
2016-02-10,0.01923656463623047
2016-02-11,-0.4489006996154785
2016-02-12,0.4681396484375
2016-02-15,0.17956066131591797
2016-02-16,-0.05771589279174805
2016-02-17,0.24368810653686523
2016-02-18,-0.1667342185974121
2016-02-19,-0.03206205368041992
2016-02-22,0.27575063705444336
2016-02-23,-0.17314815521240234
2016-02-24,-0.19238519668579102
2016-02-25,0.19879865646362305
2016-02-26,0.3975996971130371
2016-02-29,0.15390777587890625
2016-03-01,0.2565174102783203
2016-03-02,0.06412696838378906
2016-03-03,0.1154317855834961
2016-03-04,-0.05771636962890625
2016-03-07,0.032065391540527344
2016-03-08,-0.21803855895996094
2016-03-09,0.09619426727294922
2016-03-10,-0.29499340057373047
2016-03-11,0.24368858337402344
2016-03-14,0.044892311096191406
2016-03-15,-0.12184619903564453
2016-03-16,0.10901832580566406
2016-03-17,0.15390872955322266
2016-03-18,0.07695388793945312
2016-03-21,0.0
2016-03-22,0.044892311096191406
2016-03-23,-0.2116250991821289
2016-03-24,-0.2052135467529297
2016-03-29,0.0
2016-03-30,0.23727989196777344
2016-03-31,-0.14108657836914062
2016-04-01,-0.3270540237426758
2016-04-04,-0.019240379333496094
2016-04-05,-0.20521306991577148
2016-04-06,0.08336877822875977
2016-04-07,-0.1603221893310547
2016-04-08,0.33988380432128906
2016-04-11,0.025650978088378906
2016-04-12,0.04488945007324219
2016-04-13,0.3334693908691406
2016-04-14,0.15390968322753906
2016-04-15,-0.1154327392578125
2016-04-18,-0.025651931762695312
2016-04-19,0.10901832580566406
2016-04-20,0.14108562469482422
2016-04-21,0.11542987823486328
2016-04-22,0.051303863525390625
2016-04-25,-0.044890403747558594
2016-04-26,0.03847694396972656
2016-04-27,0.08336925506591797
2016-04-28,0.08336448669433594
2016-04-29,-0.12825584411621094
2016-05-02,-0.16032123565673828
2016-05-03,-0.27575206756591797
2016-05-04,-0.07695579528808594
2016-05-05,0.1667346954345703
2016-05-06,-0.0705423355102539
2016-05-09,-0.10901737213134766
2016-05-10,0.1218404769897461
2016-05-11,-0.08977699279785156
2016-05-12,0.057717323303222656
2016-05-13,0.032059669494628906
2016-05-16,0.07695579528808594
2016-05-17,-0.07695579528808594
2016-05-18,0.02565288543701172
2016-05-19,-0.26933956146240234
2016-05-20,0.13467121124267578
2016-05-23,-0.03305244445800781
2016-05-24,0.26440906524658203
2016-05-25,0.30406856536865234
2016-05-26,0.046268463134765625
2016-05-27,-0.033050537109375
2016-05-30,0.07271194458007812
2016-05-31,-0.13881397247314453
2016-06-01,-0.12559223175048828
2016-06-02,-0.0066089630126953125
2016-06-03,-0.07271480560302734
2016-06-06,0.23135757446289062
2016-06-07,0.21152687072753906
2016-06-08,0.026439666748046875
2016-06-09,-0.04626750946044922
2016-06-10,-0.19169902801513672
2016-06-13,-0.21152591705322266
2016-06-14,-0.1652545928955078
2016-06-15,0.11237335205078125
2016-06-16,-0.09254264831542969
2016-06-17,0.34372901916503906
2016-06-20,0.27101898193359375
2016-06-21,0.11898422241210938
2016-06-22,-0.14542484283447266
2016-06-23,0.30406761169433594
2016-06-24,-0.8857641220092773
2016-06-27,-0.006610870361328125
2016-06-28,0.2842397689819336
2016-06-29,0.4230508804321289
2016-06-30,0.14542484283447266
2016-07-01,0.1983051300048828
2016-07-04,-0.1983051300048828
2016-07-05,-0.07271289825439453
2016-07-06,-0.17847537994384766
2016-07-07,0.05288219451904297
2016-07-08,0.18508529663085938
2016-07-11,0.11237335205078125
2016-07-12,0.09254264831542969
2016-07-13,-0.11898326873779297
2016-07-14,0.17847442626953125
2016-07-15,-0.11898231506347656
2016-07-18,-0.10576343536376953
2016-07-19,-0.033050537109375
2016-07-20,-0.0925436019897461
2016-07-21,-0.05288124084472656
2016-07-22,-0.039661407470703125
2016-07-25,-0.1322031021118164
2016-07-26,0.0066089630126953125
2016-07-27,-0.0066089630126953125
2016-07-28,-0.23796844482421875
2016-07-29,0.006611824035644531
2016-08-01,-0.17847728729248047
2016-08-02,-0.18508338928222656
2016-08-03,0.05949115753173828
2016-08-04,0.019830703735351562
2016-08-05,0.10576152801513672
2016-08-08,0.10576248168945312
2016-08-09,-0.013217926025390625
2016-08-10,-0.026441574096679688
2016-08-11,0.1255941390991211
2016-08-12,0.0
2016-08-16,0.026441574096679688
2016-08-17,-0.11237621307373047
2016-08-18,0.11237621307373047
2016-08-19,-0.17847537994384766
2016-08-22,-0.019830703735351562
2016-08-23,0.11898326873779297
2016-08-24,-0.07271289825439453
2016-08-25,-0.10576152801513672
2016-08-26,0.17186260223388672
2016-08-29,-0.09254074096679688
2016-08-30,0.15203380584716797
2016-08-31,-0.10576343536376953
2016-09-01,-0.06610107421875
2016-09-02,0.18508529663085938
2016-09-05,0.07271003723144531
2016-09-06,-0.05948925018310547
2016-09-07,0.09253978729248047
2016-09-08,0.09915542602539062
2016-09-09,-0.17186641693115234
2016-09-12,-0.13881301879882812
2016-09-13,-0.2974586486816406
2016-09-14,0.026439666748046875
2016-09-15,0.03966236114501953
2016-09-16,-0.19830608367919922
2016-09-19,0.1296091079711914
2016-09-20,-0.15689468383789062
2016-09-21,0.027286529541015625
2016-09-22,0.09550189971923828
2016-09-23,-0.03410816192626953
2016-09-26,-0.15689563751220703
2016-09-27,-0.04092884063720703
2016-09-28,0.027286529541015625
2016-09-29,0.3888273239135742
2016-09-30,-0.06821632385253906
2016-10-03,0.04775238037109375
2016-10-04,0.05457115173339844
2016-10-05,0.20464706420898438
2016-10-06,0.0
2016-10-07,0.013641357421875
2016-10-10,0.21146774291992188
2016-10-11,-0.17735862731933594
2016-10-12,-0.061394691467285156
2016-10-13,-0.061394691467285156
2016-10-14,0.17736148834228516
2016-10-17,-0.07503795623779297
2016-10-18,0.16372013092041016
2016-10-19,0.027283668518066406
2016-10-20,0.09550094604492188
2016-10-21,0.027286529541015625
2016-10-24,-0.027286529541015625
2016-10-25,-0.03410530090332031
2016-10-26,-0.09550285339355469
2016-10-27,0.1432514190673828
2016-10-28,-0.16371631622314453
2016-10-31,-0.20464611053466797
2016-11-01,-0.14325428009033203
2016-11-02,-0.1296072006225586
2016-11-03,-0.06821537017822266
2016-11-04,-0.08186054229736328
2016-11-07,0.12279033660888672
2016-11-08,0.054572105407714844
2016-11-09,-0.03410911560058594
2016-11-10,-0.03410625457763672
2016-11-11,-0.13643169403076172
2016-11-14,-0.19782447814941406
2016-11-15,0.16371536254882812
2016-11-16,-0.05457305908203125
2016-11-17,0.12279033660888672
2016-11-18,-0.15007591247558594
2016-11-21,0.12961101531982422
2016-11-22,0.08867931365966797
2016-11-23,0.0
2016-11-24,0.03410911560058594
2016-11-25,0.013643264770507812
2016-11-28,-0.12961101531982422
2016-11-29,0.054574012756347656
2016-11-30,0.32743358612060547
2016-12-01,0.32061100006103516
2016-12-02,-0.04774951934814453
2016-12-05,0.10232257843017578
2016-12-06,0.18418121337890625
2016-12-07,0.09550285339355469
2016-12-08,0.08868026733398438
2016-12-09,0.013644218444824219
2016-12-12,0.3615388870239258
2016-12-13,0.10232353210449219
2016-12-14,-0.034104347229003906
2016-12-15,0.061392784118652344
2016-12-16,0.054574012756347656
2016-12-19,-0.06139564514160156
2016-12-20,0.1296091079711914
2016-12-21,0.013644218444824219
2016-12-22,0.0
2016-12-23,0.1159658432006836
2016-12-27,0.0
2016-12-28,-0.02046489715576172
2016-12-29,0.08868026733398438
2016-12-30,0.020463943481445312
2017-01-02,0.1159658432006836
2017-01-03,-0.0068206787109375
2017-01-04,0.040927886962890625
2017-01-05,-0.034107208251953125
2017-01-06,0.054574012756347656
2017-01-09,-0.2251129150390625
2017-01-10,0.1091451644897461
2017-01-11,-0.006821632385253906
2017-01-12,-0.054572105407714844
2017-01-13,0.14325237274169922
2017-01-16,-0.18418121337890625
2017-01-17,0.04775047302246094
2017-01-18,0.06821441650390625
2017-01-19,-0.040927886962890625
2017-01-20,0.02728557586669922
2017-01-23,-0.16371631622314453
2017-01-24,0.02728557586669922
2017-01-25,-0.1364307403564453
2017-01-26,-0.1364307403564453
2017-01-27,-0.1227874755859375
2017-01-30,-0.2592201232910156
2017-01-31,-0.1227884292602539
2017-02-01,-0.054572105407714844
2017-02-02,0.020465850830078125
2017-02-03,0.2523965835571289
2017-02-06,-0.20464611053466797
2017-02-07,-0.02046489715576172
2017-02-08,-0.04092884063720703
2017-02-09,0.1500720977783203
2017-02-10,0.027286529541015625
2017-02-13,0.09550285339355469
2017-02-14,0.0
2017-02-15,-0.1091451644897461
2017-02-16,0.013642311096191406
2017-02-17,-0.19100189208984375
2017-02-20,0.08868122100830078
2017-02-21,0.22510814666748047
2017-02-22,-0.15007400512695312
2017-02-23,0.03410816192626953
2017-02-24,-0.07503604888916016
2017-02-27,0.040927886962890625
2017-02-28,0.10914802551269531
2017-03-01,0.32743358612060547
2017-03-02,0.006819725036621094
2017-03-03,0.17736148834228516
2017-03-06,-0.1227874755859375
2017-03-07,-0.027284622192382812
2017-03-08,-0.17054080963134766
2017-03-09,-0.06821727752685547
2017-03-10,-0.04774951934814453
2017-03-13,0.013644218444824219
2017-03-14,-0.1227884292602539
2017-03-15,0.1364297866821289
2017-03-16,0.2319326400756836
2017-03-17,-0.061392784118652344
2017-03-20,-0.047751426696777344
2017-03-21,0.047751426696777344
2017-03-22,-0.020463943481445312
2017-03-23,0.09549999237060547
2017-03-24,-0.027284622192382812
2017-03-27,-0.013643264770507812
2017-03-28,0.054574012756347656
2017-03-29,0.04774761199951172
2017-03-30,0.13643169403076172
2017-03-31,0.02046489715576172
2017-04-03,-0.15689659118652344
2017-04-04,0.07503604888916016
2017-04-05,-0.05457019805908203
2017-04-06,0.013644218444824219
2017-04-07,0.04092597961425781
2017-04-10,-0.006817817687988281
2017-04-11,0.013640403747558594
2017-04-12,0.0
2017-04-13,-0.17053699493408203
2017-04-18,-0.21146869659423828
2017-04-19,0.0068225860595703125
2017-04-20,-0.0068225860595703125
2017-04-21,-0.10914325714111328
2017-04-24,0.2946195602416992
2017-04-25,-0.04208850860595703
2017-04-26,0.04208850860595703
2017-04-27,-0.1543254852294922
2017-04-28,-0.03507423400878906
2017-05-02,0.021043777465820312
2017-05-03,-0.042087554931640625
2017-05-04,-0.007016181945800781
2017-05-05,0.2525339126586914
2017-05-08,0.0
2017-05-09,0.10522079467773438
2017-05-10,0.056118011474609375
2017-05-11,0.056118011474609375
2017-05-12,-0.0070133209228515625
2017-05-15,0.07716083526611328
2017-05-16,0.035076141357421875
2017-05-17,-0.16134166717529297
2017-05-18,0.028059959411621094
2017-05-19,0.1262674331665039
2017-05-22,-0.01403045654296875
2017-05-23,-0.02104473114013672
2017-05-24,-0.04208850860595703
2017-05-25,-0.19641494750976562
2017-05-26,-0.23850059509277344
2017-05-29,-0.021045684814453125
2017-05-30,0.028059005737304688
2017-05-31,-0.16133880615234375
2017-06-01,0.11924934387207031
2017-06-02,-0.14731121063232422
2017-06-05,-0.06313133239746094
2017-06-06,0.07716178894042969
2017-06-07,-0.1964130401611328
2017-06-08,0.07014751434326172
2017-06-09,0.007014274597167969
2017-06-12,0.04208946228027344
2017-06-13,0.028059005737304688
2017-06-14,-0.10522174835205078
2017-06-15,-0.05611991882324219
2017-06-16,0.05611991882324219
2017-06-19,0.042087554931640625
2017-06-20,-0.1964130401611328
2017-06-21,0.049102783203125
2017-06-22,-0.02805805206298828
2017-06-23,-0.05611991882324219
2017-06-26,0.014028549194335938
2017-06-27,-0.056115150451660156
2017-06-28,0.02805805206298828
2017-06-29,-0.18238449096679688
2017-06-30,-0.09820747375488281
2017-07-03,0.11223602294921875
2017-07-04,0.028059959411621094
2017-07-05,-0.13328075408935547
2017-07-06,-0.05611896514892578
2017-07-07,-0.09119224548339844
2017-07-10,0.028059959411621094
2017-07-11,-0.02104663848876953
2017-07-12,0.154327392578125
2017-07-13,0.014029502868652344
2017-07-14,0.021043777465820312
2017-07-17,-0.021043777465820312
2017-07-18,-0.049102783203125
2017-07-19,-0.007016181945800781
2017-07-20,0.014029502868652344
2017-07-21,-0.07716178894042969
2017-07-24,0.014028549194335938
2017-07-25,0.09119319915771484
2017-07-26,0.049103736877441406
2017-07-27,-0.028059959411621094
2017-07-28,0.028059959411621094
2017-07-31,0.0771627426147461
2017-08-01,0.07014751434326172
2017-08-02,0.042087554931640625
2017-08-03,-0.021043777465820312
2017-08-04,0.03507518768310547
2017-08-07,0.014027595520019531
2017-08-08,-0.021043777465820312
2017-08-09,-0.028059005737304688
2017-08-10,-0.0070133209228515625
2017-08-11,-0.13328170776367188
2017-08-14,0.035076141357421875
2017-08-16,0.04208564758300781
2017-08-17,-0.11925125122070312
2017-08-18,0.007014274597167969
2017-08-21,-0.042087554931640625
2017-08-22,-0.035073280334472656
2017-08-23,0.0070133209228515625
2017-08-24,-0.0070133209228515625
2017-08-25,-0.02104473114013672
2017-08-28,0.014028549194335938
2017-08-29,-0.014028549194335938
2017-08-30,0.02104473114013672
2017-08-31,0.021043777465820312
2017-09-01,0.0982065200805664
2017-09-04,0.014029502868652344
2017-09-05,0.042090415954589844
2017-09-06,0.06313133239746094
2017-09-07,0.04910469055175781
2017-09-08,-0.06313419342041016
2017-09-11,0.03507423400878906
2017-09-12,0.028059959411621094
2017-09-13,0.007014274597167969
2017-09-14,0.05611705780029297
2017-09-15,0.11925411224365234
2017-09-18,0.036118507385253906
2017-09-19,0.05056953430175781
2017-09-20,0.07946300506591797
2017-09-21,0.07224082946777344
2017-09-22,0.028896331787109375
2017-09-25,0.11558341979980469
2017-09-26,0.03612041473388672
2017-09-27,-0.04334449768066406
2017-09-28,0.014447212219238281
2017-09-29,0.03612232208251953
2017-10-02,-0.02167224884033203
2017-10-03,0.07223987579345703
2017-10-04,-0.12280750274658203
2017-10-05,0.09391117095947266
2017-10-06,-0.1300334930419922
2017-10-09,0.0
2017-10-10,0.0
2017-10-11,0.05057048797607422
2017-10-12,-0.043346405029296875
2017-10-13,0.07946586608886719
2017-10-16,0.014447212219238281
2017-10-17,-0.07223987579345703
2017-10-18,-0.0072231292724609375
2017-10-19,-0.07946586608886719
2017-10-20,0.057791709899902344
2017-10-23,-0.014447212219238281
2017-10-24,0.08668708801269531
2017-10-25,-0.10835933685302734
2017-10-26,0.08668994903564453
2017-10-27,-0.10113716125488281
2017-10-30,0.043343544006347656
2017-10-31,0.14448165893554688
2017-11-01,0.13003158569335938
2017-11-02,0.057791709899902344
2017-11-03,0.057791709899902344
2017-11-06,0.08668994903564453
2017-11-07,0.15892887115478516
2017-11-08,-0.07224178314208984
2017-11-09,-0.07946300506591797
2017-11-10,-0.07223987579345703
2017-11-13,-0.07224082946777344
2017-11-14,-0.12280845642089844
2017-11-15,-0.18782424926757812
2017-11-16,-0.10113716125488281
2017-11-17,-0.00722503662109375
2017-11-20,0.021671295166015625
2017-11-21,0.07946491241455078
2017-11-22,0.028896331787109375
2017-11-23,-0.03612041473388672
2017-11-24,-0.028896331787109375
2017-11-27,-0.09391307830810547
2017-11-28,0.0650186538696289
2017-11-29,-0.0144500732421875
2017-11-30,0.03612232208251953
2017-12-01,0.007222175598144531
2017-12-04,0.05056953430175781
2017-12-05,0.00722503662109375
2017-12-06,-0.05779457092285156
2017-12-07,0.014449119567871094
2017-12-08,0.04334545135498047
2017-12-11,0.050567626953125
2017-12-12,0.12280845642089844
2017-12-13,-0.08668804168701172
2017-12-14,-0.05057048797607422
2017-12-15,-0.0072231292724609375
2017-12-18,0.08668994903564453
2017-12-19,-0.057791709899902344
2017-12-20,-0.05057048797607422
2017-12-21,0.07946586608886719
2017-12-22,0.0
2017-12-27,0.03611946105957031
2017-12-28,-0.07946586608886719
2017-12-29,-0.11558341979980469
2018-01-02,0.02167224884033203
2018-01-03,0.0650177001953125
2018-01-04,0.23839282989501953
2018-01-05,0.13003253936767578
2018-01-08,0.0650167465209961
2018-01-09,-0.014449119567871094
2018-01-10,0.014449119567871094
2018-01-11,0.13003253936767578
2018-01-12,0.014447212219238281
2018-01-15,0.14448070526123047
2018-01-16,-0.00722503662109375
2018-01-17,-0.03611946105957031
2018-01-18,0.0650167465209961
2018-01-19,-0.08668994903564453
2018-01-22,0.07946395874023438
2018-01-23,0.0144500732421875
2018-01-24,-0.036121368408203125
2018-01-25,0.014448165893554688
2018-01-26,0.014449119567871094
2018-01-29,-0.1155843734741211
2018-01-30,-0.17771244049072266
2018-01-31,-0.041899681091308594
2018-02-01,0.07513141632080078
2018-02-02,-0.17482280731201172
2018-02-05,-0.14014434814453125
2018-02-06,-0.28896331787109375
2018-02-07,0.16326522827148438
2018-02-08,-0.222503662109375
2018-02-09,-0.19793701171875
2018-02-12,0.0606842041015625
2018-02-13,-0.09391403198242188
2018-02-14,0.06212615966796875
2018-02-15,0.04767894744873047
2018-02-16,0.0924673080444336
2018-02-19,0.0
2018-02-20,0.05490303039550781
2018-02-21,0.0028886795043945312
2018-02-22,-0.023115158081054688
2018-02-23,0.07946300506591797
2018-02-26,0.052013397216796875
2018-02-27,-0.03034210205078125
2018-02-28,-0.07657623291015625
2018-03-01,-0.10257816314697266
2018-03-02,-0.14014816284179688
2018-03-05,0.014449119567871094
2018-03-06,-0.04912281036376953
2018-03-07,0.13292217254638672
2018-03-08,0.04912281036376953
2018-03-09,0.007225990295410156
2018-03-12,0.09102153778076172
2018-03-13,0.05923652648925781
2018-03-14,-0.06357192993164062
2018-03-15,0.08091163635253906
2018-03-16,0.19938278198242188
2018-03-19,-0.11703014373779297
2018-03-20,0.1387014389038086
2018-03-21,0.07946300506591797
2018-03-22,-0.050566673278808594
2018-03-23,-0.04479026794433594
2018-03-26,-0.03611946105957031
2018-03-27,0.10258102416992188
2018-03-28,-0.027451515197753906
2018-03-29,0.09102249145507812
2018-04-03,0.10402679443359375
2018-04-04,0.08957767486572266
2018-04-05,0.2210559844970703
2018-04-06,0.01878070831298828
2018-04-09,0.07224178314208984
2018-04-10,0.10547161102294922
2018-04-11,0.06790542602539062
2018-04-12,0.0736846923828125
2018-04-13,0.0736856460571289
2018-04-16,0.01155853271484375
2018-04-17,0.16759777069091797
2018-04-18,0.08379840850830078
2018-04-19,0.1473703384399414
2018-04-20,-0.034674644470214844
2018-04-23,0.09824562072753906
2018-04-24,-0.04334449768066406
2018-04-25,-0.1285858154296875
2018-04-26,0.23116779327392578
2018-04-27,-0.008669853210449219
2018-04-30,0.03034210205078125
2018-05-02,0.0881338119506836
2018-05-03,-0.14014816284179688
2018-05-04,0.16037464141845703
2018-05-07,0.22683334350585938
2018-05-08,-0.3091878890991211
2018-05-09,0.32508277893066406
2018-05-10,-0.20082855224609375
2018-05-11,0.023116111755371094
2018-05-14,0.1704883575439453
2018-05-15,0.0635690689086914
2018-05-16,-0.16326045989990234
2018-05-17,0.046234130859375
2018-05-18,-0.036121368408203125
2018-05-21,-0.0947580337524414
2018-05-22,0.057743072509765625
2018-05-23,-0.13177204132080078
2018-05-24,-0.10808372497558594
2018-05-25,-0.2901926040649414
2018-05-28,-0.2309732437133789
2018-05-29,0.014805793762207031
2018-05-30,0.29315662384033203
2018-05-31,0.0
2018-06-01,0.1791515350341797
2018-06-04,-0.10808277130126953
2018-06-05,-0.09919929504394531
2018-06-06,-0.0014820098876953125
2018-06-07,0.1332530975341797
2018-06-08,-0.30055809020996094
2018-06-11,0.30055809020996094
2018-06-12,0.028131484985351562
2018-06-13,-0.11548614501953125
2018-06-14,0.22356796264648438
2018-06-15,-0.2694664001464844
2018-06-18,0.06070518493652344
2018-06-19,0.005921363830566406
2018-06-20,-0.07847023010253906
2018-06-21,-0.20135879516601562
2018-06-22,0.35089778900146484
2018-06-25,-0.26206302642822266
2018-06-26,0.11104297637939453
2018-06-27,0.31536388397216797
2018-06-28,0.038496971130371094
2018-06-29,-0.002964019775390625
2018-07-02,-0.09771728515625
2018-07-03,0.2827939987182617
2018-07-04,-0.007403373718261719
2018-07-05,0.05181884765625
2018-07-06,-0.02664947509765625
2018-07-09,0.1006784439086914
2018-07-10,0.15842533111572266
2018-07-11,-0.20580196380615234
2018-07-12,0.005923271179199219
2018-07-13,0.014803886413574219
2018-07-16,-0.16730403900146484
2018-07-17,0.06218242645263672
2018-07-18,-0.0014801025390625
2018-07-19,-0.041457176208496094
2018-07-20,0.004444122314453125
2018-07-23,0.03257179260253906
2018-07-24,0.07995319366455078
2018-07-25,-0.007404327392578125
2018-07-26,0.060703277587890625
2018-07-27,-0.08143043518066406
2018-07-30,0.06366348266601562
2018-07-31,0.1317729949951172
2018-08-01,-0.09031867980957031
2018-08-02,-0.1021575927734375
2018-08-03,0.0
2018-08-06,0.06514453887939453
2018-08-07,0.23541641235351562
2018-08-08,-0.08143424987792969
2018-08-09,-0.08439445495605469
2018-08-10,-0.3183250427246094
2018-08-13,0.0014791488647460938
2018-08-14,0.11548709869384766
2018-08-16,-0.14953994750976562
2018-08-17,-0.06514453887939453
2018-08-20,0.1391735076904297
2018-08-21,0.11992740631103516
2018-08-22,0.10808467864990234
2018-08-23,-0.06366825103759766
2018-08-24,0.12289047241210938
2018-08-27,0.023688316345214844
2018-08-28,-0.08587455749511719
2018-08-29,0.06514739990234375
2018-08-30,-0.1510181427001953
2018-08-31,-0.16286563873291016
2018-09-03,0.07698917388916016
2018-09-04,0.02961254119873047
2018-09-05,-0.12140941619873047
2018-09-06,-0.0991983413696289
2018-09-07,-0.07402992248535156
2018-09-10,0.09179878234863281
2018-09-11,0.022207260131835938
2018-09-12,0.10216045379638672
2018-09-13,-0.022208213806152344
2018-09-14,-0.0014820098876953125
2018-09-17,0.10808277130126953
2018-09-18,0.03553485870361328
2018-09-19,0.03553485870361328
2018-09-20,0.08143234252929688
2018-09-21,-0.02072906494140625
2018-09-24,0.20212459564208984
2018-09-25,0.2978649139404297
2018-09-26,0.03647327423095703
2018-09-27,-0.048633575439453125
2018-09-28,-0.18996524810791016
2018-10-01,0.028876304626464844
2018-10-02,0.016715049743652344
2018-10-03,0.025835037231445312
2018-10-04,-0.07446575164794922
2018-10-05,-0.0075969696044921875
2018-10-08,-0.3206624984741211
2018-10-09,0.3161039352416992
2018-10-10,-0.08206653594970703
2018-10-11,-0.33737850189208984
2018-10-12,-0.06838607788085938
2018-10-15,0.10789966583251953
2018-10-16,0.05319023132324219
2018-10-17,-0.1884450912475586
2018-10-18,-0.2218799591064453
2018-10-19,0.07446670532226562
2018-10-22,-0.16412925720214844
2018-10-23,-0.17020797729492188
2018-10-24,-0.173248291015625
2018-10-25,0.1914844512939453
2018-10-26,0.12157726287841797
2018-10-29,0.1732473373413086
2018-10-30,0.01823711395263672
2018-10-31,0.24315643310546875
2018-11-01,-0.21276187896728516
2018-11-02,-0.050151824951171875
2018-11-05,0.06990814208984375
2018-11-06,-0.0866231918334961
2018-11-07,0.2249164581298828
2018-11-08,-0.04559040069580078
2018-11-09,-0.08966350555419922
2018-11-12,0.024315834045410156
2018-11-13,-0.25835323333740234
2018-11-14,-0.16868877410888672
2018-11-15,0.037993431091308594
2018-11-16,-0.05774974822998047
2018-11-19,-0.13677597045898438
2018-11-20,-0.20363998413085938
2018-11-21,0.13373374938964844
2018-11-22,-0.2370767593383789
2018-11-23,-0.19452285766601562
2018-11-26,0.17932510375976562
2018-11-27,-0.07750511169433594
2018-11-28,-0.030393600463867188
2018-11-29,0.04711151123046875
2018-11-30,0.02279376983642578
2018-12-03,0.20212364196777344
2018-12-04,-0.07446575164794922
2018-12-05,-0.0942230224609375
2018-12-06,-0.34649658203125
2018-12-07,0.21276187896728516
2018-12-10,-0.1322174072265625
2018-12-11,0.09574222564697266
2018-12-12,0.12917804718017578
2018-12-13,0.019756317138671875
2018-12-14,-0.0866241455078125
2018-12-17,-0.1428546905517578
2018-12-18,-0.11093997955322266
2018-12-19,0.10334205627441406
2018-12-20,-0.0942220687866211
2018-12-21,-0.039513587951660156
2018-12-27,-0.19300365447998047
2018-12-28,0.1732473373413086
2019-01-02,0.02431488037109375
2019-01-03,0.045592308044433594
2019-01-04,0.3799304962158203
2019-01-07,-0.09574127197265625
2019-01-08,-0.06686878204345703
2019-01-09,0.09878253936767578
2019-01-10,-0.010639190673828125
2019-01-11,-0.054709434509277344
2019-01-14,-0.037993431091308594
2019-01-15,0.09878349304199219
2019-01-16,0.02279376983642578
2019-01-17,-0.04710960388183594
2019-01-18,0.2963438034057617
2019-01-21,-0.04711151123046875
2019-01-22,-0.05318927764892578
2019-01-23,-0.12157821655273438
2019-01-24,0.07598686218261719
2019-01-25,0.11853694915771484
2019-01-28,-0.10637950897216797
2019-01-29,0.0683889389038086
2019-01-30,0.09270191192626953
2019-01-31,0.12309551239013672
2019-02-01,-0.025834083557128906
2019-02-04,0.010638236999511719
2019-02-05,0.11701774597167969
2019-02-06,-0.060787200927734375
2019-02-07,-0.24771595001220703
2019-02-08,-0.013675689697265625
2019-02-11,0.10181999206542969
2019-02-12,0.08054447174072266
2019-02-13,0.07598686218261719
2019-02-14,-0.057750701904296875
2019-02-15,0.25835514068603516
2019-02-18,0.042550086975097656
2019-02-19,0.016716957092285156
2019-02-20,0.04103374481201172
2019-02-21,0.013678550720214844
2019-02-22,0.013676643371582031
2019-02-25,-0.057750701904296875
2019-02-26,-0.00151824951171875
2019-02-27,0.00911712646484375
2019-02-28,-0.04255104064941406
2019-03-01,-0.09726333618164062
2019-03-04,0.054711341857910156
2019-03-05,0.0562286376953125
2019-03-06,0.07294559478759766
2019-03-07,0.0
2019-03-08,-0.2370748519897461
2019-03-11,0.11701774597167969
2019-03-12,0.031914710998535156
2019-03-13,0.28874683380126953
2019-03-14,-0.004559516906738281
2019-03-15,0.037993431091308594
2019-03-18,0.11853885650634766
2019-03-19,0.11093902587890625
2019-03-20,-0.0866241455078125
2019-03-21,0.041031837463378906
2019-03-22,-0.09878063201904297
2019-03-25,-0.05775165557861328
2019-03-26,-0.006077766418457031
2019-03-27,-0.019754409790039062
2019-03-28,-0.083587646484375
2019-03-29,0.2082042694091797
2019-04-01,0.057747840881347656
2019-04-02,-0.03039264678955078
2019-04-03,0.0866231918334961
2019-04-04,-0.11246013641357422
2019-04-05,0.06990718841552734
2019-04-08,-0.025835037231445312
2019-04-09,0.056229591369628906
2019-04-10,0.03951263427734375
2019-04-11,-0.012156486511230469
2019-04-12,-0.08206653594970703
2019-04-15,-0.11093997955322266
2019-04-16,-0.18540477752685547
2019-04-17,0.0030393600463867188
2019-04-18,0.0015211105346679688
2019-04-23,0.2781076431274414
2019-04-24,-0.1884450912475586
2019-04-25,-0.03343486785888672
2019-04-26,-0.12461662292480469
2019-04-29,-0.18540668487548828
2019-04-30,0.09118461608886719
2019-05-02,-0.1398143768310547
2019-05-03,0.0410308837890625
2019-05-06,-0.16412830352783203
2019-05-07,-0.2902669906616211
2019-05-08,-0.007597923278808594
2019-05-09,-0.11853885650634766
2019-05-10,-0.04407310485839844
2019-05-13,0.11853981018066406
2019-05-14,0.13829517364501953
2019-05-15,-0.06534957885742188
2019-05-16,0.17628860473632812
2019-05-17,0.06838607788085938
2019-05-20,-0.010939598083496094
2019-05-21,0.09689903259277344
2019-05-22,-0.0953369140625
2019-05-23,-0.3891611099243164
2019-05-24,0.10471343994140625
2019-05-27,0.012502670288085938
2019-05-28,-0.034381866455078125
2019-05-29,-0.22818470001220703
2019-05-30,-0.03281974792480469
2019-05-31,-0.0875234603881836
2019-06-03,0.1875476837158203
2019-06-04,0.15472698211669922
2019-06-05,-0.117218017578125
2019-06-06,0.02500629425048828
2019-06-07,0.04688739776611328
2019-06-10,0.03125762939453125
2019-06-11,0.035948753356933594
2019-06-12,-0.17660903930664062
2019-06-13,0.0656423568725586
2019-06-14,0.031258583068847656
2019-06-17,-0.05782794952392578
2019-06-18,0.2234945297241211
2019-06-19,0.051575660705566406
2019-06-20,0.1062765121459961
2019-06-21,0.1937999725341797
2019-06-24,-0.06564044952392578
2019-06-25,-0.06408023834228516
2019-06-26,0.05313873291015625
2019-06-27,-0.03281974792480469
2019-06-28,0.10940170288085938
2019-07-01,0.02657032012939453
2019-07-02,-0.11096668243408203
2019-07-03,0.0547027587890625
2019-07-04,0.060952186584472656
2019-07-05,-0.07501792907714844
2019-07-08,0.0812692642211914
2019-07-09,-0.0812692642211914
2019-07-10,0.12190437316894531
2019-07-11,0.0734567642211914
2019-07-12,0.02031707763671875
2019-07-15,-0.08908462524414062
2019-07-16,-0.035945892333984375
2019-07-17,-0.19692707061767578
2019-07-18,-0.08908462524414062
2019-07-19,-0.0625152587890625
2019-07-22,0.07501792907714844
2019-07-23,0.057826995849609375
2019-07-24,0.018754959106445312
2019-07-25,-0.05001068115234375
2019-07-26,-0.009378433227539062
2019-07-29,-0.07033061981201172
2019-07-30,-0.12034320831298828
2019-07-31,0.08596038818359375
2019-08-01,-0.0843973159790039
2019-08-02,-0.32508277893066406
2019-08-05,-0.15629196166992188
2019-08-06,-0.07501983642578125
2019-08-07,-0.14847469329833984
2019-08-08,0.1875467300415039
2019-08-09,-0.18910884857177734
2019-08-12,-0.017190933227539062
2019-08-13,0.19536209106445312
2019-08-14,-0.24850177764892578
2019-08-16,-0.04844951629638672
2019-08-19,0.1828594207763672
2019-08-20,-0.10159015655517578
2019-08-21,0.1609792709350586
2019-08-22,-0.029693603515625
2019-08-23,-0.13284778594970703
2019-08-26,0.059391021728515625
2019-08-27,0.06564140319824219
2019-08-28,0.07658100128173828
2019-08-29,0.17035675048828125
2019-08-30,0.04845142364501953
2019-09-02,0.02500629425048828
2019-09-03,-0.08596134185791016
2019-09-04,0.05313873291015625
2019-09-05,0.15472698211669922
2019-09-06,-0.07658195495605469
2019-09-09,0.11878013610839844
2019-09-10,0.14066314697265625
2019-09-11,-0.021881103515625
2019-09-12,-0.13597393035888672
2019-09-13,0.11252975463867188
2019-09-16,0.21098995208740234
2019-09-17,-0.12659263610839844
2019-09-18,0.13440799713134766
2019-09-19,0.07033061981201172
2019-09-20,0.10784053802490234
2019-09-23,0.014494895935058594
2019-09-24,-0.11595535278320312
2019-09-25,-0.10790252685546875
2019-09-26,0.057976722717285156
2019-09-27,0.09662914276123047
2019-09-30,-0.016103744506835938
2019-10-01,-0.043483734130859375
2019-10-02,-0.34142303466796875
2019-10-03,-0.11917686462402344
2019-10-04,0.10951423645019531
2019-10-07,0.08696556091308594
2019-10-08,-0.09501838684082031
2019-10-09,0.053145408630371094
2019-10-10,0.06602954864501953
2019-10-11,0.1240091323852539
2019-10-14,-0.0740823745727539
2019-10-15,0.07569313049316406
2019-10-16,-0.017716407775878906
2019-10-17,-0.057976722717285156
2019-10-18,0.028987884521484375
2019-10-21,0.04670524597167969
2019-10-22,0.09340763092041016
2019-10-23,0.0950164794921875
2019-10-24,0.05314826965332031
2019-10-25,-0.07891368865966797
2019-10-28,-0.08213520050048828
2019-10-29,-0.08857536315917969
2019-10-30,-0.10468387603759766
2019-10-31,-0.1030721664428711
2019-11-01,0.10790443420410156
2019-11-04,0.21741580963134766
2019-11-05,0.1803741455078125
2019-11-06,-0.02737903594970703
2019-11-07,0.009664535522460938
2019-11-08,0.011273384094238281
2019-11-11,-0.04348468780517578
2019-11-12,0.09502029418945312
2019-11-13,-0.057979583740234375
2019-11-14,-0.03704071044921875
2019-11-15,0.0676422119140625
2019-11-18,-0.0885772705078125
2019-11-19,-0.11273479461669922
2019-11-20,0.03382110595703125
2019-11-21,0.024156570434570312
2019-11-22,-0.03704071044921875
2019-11-25,0.04187297821044922
2019-11-26,-0.09340953826904297
2019-11-27,-0.033820152282714844
2019-11-28,-0.07247161865234375
2019-11-29,-0.06925201416015625
2019-12-02,-0.11434364318847656
2019-12-03,-0.0740823745727539
2019-12-04,0.1385021209716797
2019-12-05,-0.006442070007324219
2019-12-06,0.10146141052246094
2019-12-09,-0.11595535278320312
2019-12-10,0.03220939636230469
2019-12-11,-0.05958747863769531
2019-12-12,0.046703338623046875
2019-12-13,-0.037041664123535156
2019-12-16,0.016104698181152344
2019-12-17,0.06280994415283203
2019-12-18,0.09340763092041016
2019-12-19,0.02254772186279297
2019-12-20,0.10307121276855469
2019-12-23,0.033820152282714844
2019-12-27,-0.012884140014648438
2019-12-30,-0.1240072250366211
2020-01-02,0.1304483413696289
2020-01-03,0.07891559600830078
2020-01-06,0.16910076141357422
2020-01-07,0.0032224655151367188
2020-01-08,-0.09180068969726562
2020-01-09,-0.05314445495605469
2020-01-10,-0.03220939636230469
2020-01-13,-0.04831504821777344
2020-01-14,-0.13367176055908203
2020-01-15,-0.06119823455810547
2020-01-16,0.07247257232666016
2020-01-17,0.02254772186279297
2020-01-20,-0.02737903594970703
2020-01-21,-0.1352825164794922
2020-01-22,-0.12561702728271484
2020-01-23,-0.08052539825439453
2020-01-24,0.009664535522460938
2020-01-27,-0.22063732147216797
2020-01-28,0.1626596450805664
2020-01-29,-0.0885763168334961
2020-01-30,-0.2915000915527344
2020-01-31,-0.2158060073852539
2020-02-03,-0.038651466369628906
2020-02-04,0.14333343505859375
2020-02-05,0.19325828552246094
2020-02-06,-0.046703338623046875
2020-02-07,-0.051535606384277344
2020-02-10,-0.10146045684814453
2020-02-11,0.11756515502929688
2020-02-12,0.14011287689208984
2020-02-13,-0.09018802642822266
2020-02-14,-0.07730293273925781
2020-02-17,0.1095123291015625
2020-02-18,-0.0950174331665039
2020-02-19,0.022546768188476562
2020-02-20,-0.030600547790527344
2020-02-21,-0.1095113754272461
2020-02-24,-0.47992706298828125
2020-02-25,-0.15460777282714844
2020-02-26,0.0708627700805664
2020-02-27,-0.24640560150146484
2020-02-28,-0.48314666748046875
2020-03-02,-0.032210350036621094
2020-03-03,0.0016107559204101562
2020-03-04,0.025768280029296875
2020-03-05,-0.1481647491455078
2020-03-06,-0.5910501480102539
2020-03-09,-1.7183928489685059
2020-03-10,0.052341461181640625
2020-03-11,-0.09260320663452148
2020-03-12,-1.1740469932556152
2020-03-13,0.25687217712402344
2020-03-16,-0.33739757537841797
2020-03-17,0.3011617660522461
2020-03-18,-0.13850164413452148
2020-03-19,0.21822118759155273
2020-03-20,0.26412057876586914
2020-03-23,-0.0048313140869140625
2020-03-24,0.876105785369873
2020-03-25,0.2802257537841797
2020-03-26,-0.009663105010986328
2020-03-27,-0.39779090881347656
2020-03-30,0.30277204513549805
2020-03-31,0.5048890113830566
2020-04-01,-0.01610565185546875
2020-04-02,0.5137462615966797
2020-04-03,-0.41309118270874023
2020-04-06,-0.008052825927734375
2020-04-07,0.09099435806274414
2020-04-08,-0.10709905624389648
2020-04-09,0.010468482971191406
2020-04-14,-0.11353921890258789
2020-04-15,-0.4710683822631836
2020-04-16,-0.10307121276855469
2020-04-17,0.10709810256958008
2020-04-20,-0.12320280075073242
2020-04-21,-0.3816862106323242
2020-04-22,0.31243467330932617
2020-04-23,0.09985113143920898
2020-04-24,-0.17876482009887695
2020-04-27,0.1240077018737793
2020-04-28,0.22546911239624023
2020-04-29,0.2198314666748047
2020-04-30,-0.19567441940307617
2020-05-04,-0.40503740310668945
2020-05-05,0.38329553604125977
2020-05-06,-0.2125835418701172
2020-05-07,0.10709571838378906
2020-05-08,0.0603947639465332
2020-05-11,0.0
2020-05-12,0.06683492660522461
2020-05-13,-0.1521906852722168
2020-05-14,-0.008858203887939453
2020-05-15,0.004832744598388672
2020-05-18,0.48083972930908203
2020-05-19,-0.23151588439941406
2020-05-20,0.0381617546081543
2020-05-21,-0.17554569244384766
2020-05-22,-0.04070615768432617
2020-05-25,0.07293272018432617
2020-05-26,0.011872291564941406
2020-05-27,0.14925575256347656
2020-05-28,0.03561830520629883
2020-05-29,-0.3129286766052246
2020-06-01,0.18402576446533203
2020-06-02,0.3655076026916504
2020-06-03,0.19335365295410156
2020-06-04,-0.029681682586669922
2020-06-05,0.4596414566040039
2020-06-08,0.13399028778076172
2020-06-09,-0.24423551559448242
2020-06-10,-0.12381553649902344
2020-06-11,-0.5503807067871094
2020-06-12,0.005087375640869141
2020-06-15,-0.005937099456787109
2020-06-16,0.3010573387145996
2020-06-17,-0.03307485580444336
2020-06-18,-0.051729679107666016
2020-06-19,0.03307342529296875
2020-06-22,-0.0602107048034668
2020-06-23,0.07886695861816406
2020-06-24,-0.3595705032348633
2020-06-25,0.007632732391357422
2020-06-26,-0.07123661041259766
2020-06-29,0.19335412979125977
2020-06-30,-0.1144862174987793
2020-07-01,-0.012718677520751953
2020-07-02,0.20777034759521484
2020-07-03,-0.03901100158691406
2020-07-06,0.07123708724975586
2020-07-07,0.05257749557495117
2020-07-08,-0.10346078872680664
2020-07-09,-0.22388410568237305
2020-07-10,0.04918670654296875
2020-07-13,0.1424717903137207
2020-07-14,0.10430908203125
2020-07-15,0.04494667053222656
2020-07-16,0.050034523010253906
2020-07-17,-0.06953954696655273
2020-07-20,-0.027136802673339844
2020-07-21,0.12551021575927734
2020-07-22,-0.18826627731323242
2020-07-23,-0.08989334106445312
2020-07-24,-0.06869029998779297
2020-07-27,-0.048338890075683594
2020-07-28,0.011871814727783203
2020-07-29,-0.05681896209716797
2020-07-30,-0.5020432472229004
2020-07-31,-0.2349081039428711
2020-08-03,-0.0059356689453125
2020-08-04,0.27561378479003906
2020-08-05,0.20098638534545898
2020-08-06,-0.1305985450744629
2020-08-07,-0.11533355712890625
2020-08-10,0.1526474952697754
2020-08-11,0.2187967300415039
2020-08-12,0.10939693450927734
2020-08-13,-0.10854959487915039
2020-08-14,-0.055971622467041016
2020-08-17,-0.06699514389038086
2020-08-18,-0.03901052474975586
2020-08-19,0.06275653839111328
2020-08-20,-0.16367340087890625
2020-08-21,-0.052577972412109375
2020-08-24,0.26967763900756836
2020-08-25,-0.09582853317260742
2020-08-26,0.018656253814697266
2020-08-27,-0.09667730331420898
2020-08-28,-0.02035236358642578
2020-08-31,-0.13738393783569336
2020-09-01,-0.020352840423583984
2020-09-02,-0.08480453491210938
2020-09-03,0.01696157455444336
2020-09-04,-0.04325103759765625
2020-09-07,0.1085500717163086
2020-09-08,-0.21540355682373047
2020-09-09,0.09243631362915039
2020-09-10,-0.0016961097717285156
2020-09-11,-0.022896766662597656
2020-09-14,-0.10430908203125
2020-09-15,0.11533403396606445
2020-09-16,0.03307342529296875
2020-09-17,-0.048338890075683594
2020-09-18,-0.1746973991394043
2020-09-21,-0.27413082122802734
2020-09-22,0.09137773513793945
2020-09-23,-0.11034250259399414
2020-09-24,-0.09999752044677734
2020-09-25,-0.10603094100952148
2020-09-28,0.14740896224975586
2020-09-29,-0.16809844970703125
2020-09-30,0.019826889038085938
2020-10-01,-0.1948227882385254
2020-10-02,0.03017139434814453
2020-10-05,0.16637516021728516
2020-10-06,0.1965470314025879
2020-10-07,-0.1620650291442871
2020-10-08,0.13361740112304688
2020-10-09,-0.01982736587524414
2020-10-12,-0.03706789016723633
2020-10-13,-0.11465215682983398
2020-10-14,0.010344505310058594
2020-10-15,-0.24137353897094727
2020-10-16,0.12499713897705078
2020-10-19,0.01982736587524414
2020-10-20,-0.020689964294433594
2020-10-21,-0.1913738250732422
2020-10-22,0.00086212158203125
2020-10-23,0.0887904167175293
2020-10-26,-0.17154693603515625
2020-10-27,-0.12499666213989258
2020-10-28,-0.18533992767333984
2020-10-29,0.028446674346923828
2020-10-30,0.08017110824584961
2020-11-02,0.3025784492492676
2020-11-03,0.13103055953979492
2020-11-04,0.07155036926269531
2020-11-05,-0.0008625984191894531
2020-11-06,-0.046550750732421875
2020-11-09,0.7206721305847168
2020-11-10,0.25861406326293945
2020-11-11,-0.07413625717163086
2020-11-12,0.022412776947021484
2020-11-13,0.036206722259521484
2020-11-16,0.26551055908203125
2020-11-17,0.10172176361083984
2020-11-18,0.09310102462768555
2020-11-19,-0.1008596420288086
2020-11-20,0.04137754440307617
2020-11-23,0.17671966552734375
2020-11-24,0.24999380111694336
2020-11-25,0.04482603073120117
2020-11-26,-0.09827327728271484
2020-11-27,0.020689964294433594
2020-11-30,-0.2405109405517578
2020-12-01,0.09654903411865234
2020-12-02,0.07241153717041016
2020-12-03,-0.04051637649536133
2020-12-04,0.25171852111816406
2020-12-07,0.019826889038085938
2020-12-08,0.019826889038085938
2020-12-09,0.04568958282470703
2020-12-10,0.0801701545715332
2020-12-11,-0.11034297943115234
2020-12-14,-0.11206531524658203
2020-12-15,0.06379079818725586
2020-12-16,0.003448009490966797
2020-12-17,-0.03879213333129883
2020-12-18,-0.07758331298828125
2020-12-21,-0.32499170303344727
2020-12-22,0.09999656677246094
2020-12-23,0.1930990219116211
2020-12-28,0.010343074798583984
2020-12-29,-0.02930736541748047
2020-12-30,-0.0120697021484375
2021-01-04,-0.08620452880859375
2021-01-05,0.2698197364807129
2021-01-06,0.24740839004516602
2021-01-07,0.017241477966308594
2021-01-08,-0.03275918960571289
2021-01-11,-0.04482555389404297
2021-01-12,0.06551504135131836
2021-01-13,0.005173683166503906
2021-01-14,-0.047412872314453125
2021-01-15,-0.14999628067016602
2021-01-18,0.021549701690673828
2021-01-19,-0.02499866485595703
2021-01-20,0.06379127502441406
2021-01-21,-0.20085620880126953
2021-01-22,-0.10861825942993164
2021-01-25,-0.16292810440063477
2021-01-26,0.15085935592651367
2021-01-27,0.01637887954711914
2021-01-28,0.00086212158203125
2021-01-29,-0.1689605712890625
2021-02-01,-0.13103199005126953
2021-02-02,0.0956873893737793
2021-02-03,0.15344476699829102
2021-02-04,0.0698246955871582
2021-02-05,0.035344600677490234
2021-02-08,0.06034374237060547
2021-02-09,0.08103084564208984
2021-02-10,0.05948352813720703
2021-02-11,-0.05775785446166992
2021-02-12,0.08792829513549805
2021-02-15,0.2103404998779297
2021-02-16,-0.03793001174926758
2021-02-17,0.07241201400756836
2021-02-18,-0.056896209716796875
2021-02-19,0.0870656967163086
2021-02-22,0.13620424270629883
2021-02-23,0.058620452880859375
2021-02-24,0.13189220428466797
2021-02-25,0.0887918472290039
2021-02-26,-0.1706857681274414
2021-03-01,0.06810188293457031
2021-03-02,-0.05948162078857422
2021-03-03,0.14482402801513672
2021-03-04,0.1862010955810547
2021-03-05,0.16034221649169922
2021-03-08,0.10172080993652344
2021-03-09,-0.03448200225830078
2021-03-10,0.06896400451660156
2021-03-11,0.06896400451660156
2021-03-12,0.10172176361083984
2021-03-15,-0.07241344451904297
2021-03-16,-0.08102989196777344
2021-03-17,0.05172157287597656
2021-03-18,0.03275775909423828
2021-03-19,-0.14137649536132812
2021-03-22,-0.02413654327392578
2021-03-23,-0.14310073852539062
2021-03-24,0.22930622100830078
2021-03-25,-0.11551475524902344
2021-03-26,0.10344600677490234
2021-03-29,0.09999656677246094
2021-03-30,0.05517005920410156
2021-03-31,0.07068824768066406
2021-04-01,0.06551551818847656
2021-04-06,-0.08275699615478516
2021-04-07,-0.015515327453613281
2021-04-08,-0.1689605712890625
2021-04-09,-0.05172443389892578
2021-04-12,-0.032756805419921875
2021-04-13,0.05517101287841797
2021-04-14,0.22585582733154297
2021-04-15,-0.10689258575439453
2021-04-16,-0.012068748474121094
2021-04-19,-0.022414207458496094
2021-04-20,-0.21551132202148438
2021-04-21,0.06551361083984375
2021-04-22,0.0155181884765625
2021-04-23,-0.05689525604248047
2021-04-26,0.03965473175048828
2021-04-27,-0.03275871276855469
2021-04-28,0.08103275299072266
2021-04-29,-0.0017251968383789062
2021-04-30,-0.23447513580322266
2021-05-03,0.1465473175048828
2021-05-04,0.0
2021-05-05,0.1793060302734375
2021-05-06,0.015517234802246094
2021-05-07,-0.0051727294921875
2021-05-10,0.07586002349853516
2021-05-11,-0.1396503448486328
2021-05-12,0.1827526092529297
2021-05-13,-0.13275432586669922
2021-05-14,0.10861778259277344
2021-05-17,0.029308319091796875
2021-05-18,-0.025859832763671875
2021-05-19,-0.2051677703857422
2021-05-20,-0.013792991638183594
2021-05-21,0.08965396881103516
2021-05-24,0.058254241943359375
2021-05-25,-0.11033153533935547
2021-05-26,0.039719581604003906
2021-05-27,0.06178474426269531
2021-05-28,-0.0052967071533203125
2021-05-31,-0.033539772033691406
2021-06-01,0.2100696563720703
2021-06-02,0.06708145141601562
2021-06-03,0.06178474426269531
2021-06-04,-0.05295848846435547
2021-06-07,0.06531524658203125
2021-06-08,0.037072181701660156
2021-06-09,-0.045897483825683594
2021-06-10,0.06178474426269531
2021-06-11,0.060019493103027344
2021-06-14,0.12886714935302734
2021-06-15,0.0052947998046875
2021-06-16,0.007061004638671875
2021-06-17,-0.09885501861572266
2021-06-18,-0.2789163589477539
2021-06-21,0.09179496765136719
2021-06-22,-0.0035305023193359375
2021-06-23,0.007061004638671875
2021-06-24,0.10415172576904297
2021-06-25,0.014122962951660156
2021-06-28,-0.1888866424560547
2021-06-29,-0.0035305023193359375
2021-06-30,-0.06001853942871094
2021-07-01,0.16770076751708984
2021-07-02,-0.05472278594970703
2021-07-05,0.0511932373046875
2021-07-06,-0.1641712188720703
2021-07-07,-0.08826541900634766
2021-07-08,-0.1827077865600586
2021-07-09,0.10326957702636719
2021-07-12,0.012355804443359375
2021-07-13,-0.079437255859375
2021-07-14,0.017653465270996094
2021-07-15,-0.10062217712402344
2021-07-16,-0.06884574890136719
2021-07-19,-0.33364009857177734
2021-07-20,0.04324913024902344
2021-07-21,0.21801471710205078
2021-07-22,-0.09356212615966797
2021-07-23,0.02206707000732422
2021-07-26,0.17388153076171875
2021-07-27,-0.051194190979003906
2021-07-28,0.0962076187133789
2021-07-29,0.0856170654296875
2021-07-30,0.00882720947265625
2021-08-02,-0.045897483825683594
2021-08-03,0.14475250244140625
2021-08-04,-0.014121055603027344
2021-08-05,0.07061100006103516
2021-08-06,0.09002971649169922
2021-08-09,-0.015886306762695312
2021-08-10,0.05825519561767578
2021-08-11,0.05825233459472656
2021-08-12,0.054724693298339844
2021-08-13,0.03530597686767578
2021-08-16,-0.12886714935302734
2021-08-17,0.0035314559936523438
2021-08-18,-0.008826255798339844
2021-08-19,-0.2559671401977539
2021-08-20,-0.012356758117675781
2021-08-23,0.15181446075439453
2021-08-24,0.0741424560546875
2021-08-25,0.010592460632324219
2021-08-26,-0.02118396759033203
2021-08-27,0.10768413543701172
2021-08-30,0.003528594970703125
2021-08-31,0.019417762756347656
2021-09-01,0.037072181701660156
2021-09-02,0.1200399398803711
2021-09-03,-0.09002971649169922
2021-09-06,0.04942798614501953
2021-09-07,-0.0035314559936523438
2021-09-08,0.007061958312988281
2021-09-09,-0.0035305023193359375
2021-09-10,-0.037072181701660156
2021-09-13,0.23125267028808594
2021-09-14,0.0865011215209961
2021-09-15,0.07590579986572266
2021-09-16,0.030010223388671875
2021-09-17,-0.07237625122070312
2021-09-20,-0.09003734588623047
2021-09-21,0.17640113830566406
2021-09-22,0.2572488784790039
2021-09-23,0.014699935913085938
2021-09-24,0.027563095092773438
2021-09-27,0.23336219787597656
2021-09-28,0.07166290283203125
2021-09-29,0.11392498016357422
2021-09-30,0.14516258239746094
2021-10-01,-0.058798789978027344
2021-10-04,0.14699840545654297
2021-10-05,0.18926334381103516
2021-10-06,-0.16721248626708984
2021-10-07,-0.07166290283203125
2021-10-08,0.2480611801147461
2021-10-11,0.13597679138183594
2021-10-12,-0.029399871826171875
2021-10-13,-0.13965129852294922
2021-10-14,0.14516258239746094
2021-10-15,0.20947647094726562
2021-10-18,0.025724411010742188
2021-10-19,-0.058798789978027344
2021-10-20,0.13413619995117188
2021-10-21,-0.16904926300048828
2021-10-22,-0.05144977569580078
2021-10-25,0.1837482452392578
2021-10-26,0.0735006332397461
2021-10-27,-0.0826864242553711
2021-10-28,-0.095550537109375
2021-10-29,0.22049903869628906
2021-11-01,0.31421375274658203
2021-11-02,-0.18926334381103516
2021-11-03,-0.14699935913085938
2021-11-04,0.165374755859375
2021-11-05,0.10290050506591797
2021-11-08,0.009186744689941406
2021-11-09,-0.056962013244628906
2021-11-10,0.040424346923828125
2021-11-11,-0.016536712646484375
2021-11-12,-0.12311363220214844
2021-11-15,0.031238555908203125
2021-11-16,0.0477752685546875
2021-11-17,-0.005512237548828125
2021-11-18,-0.14883804321289062
2021-11-19,-0.24071216583251953
2021-11-22,0.14699935913085938
2021-11-23,0.0477752685546875
2021-11-24,-0.009187698364257812
2021-11-25,-0.06798744201660156
2021-11-26,-0.7037630081176758
2021-11-29,0.2480630874633789
2021-11-30,-0.14516353607177734
2021-12-01,0.24071311950683594
2021-12-02,0.03307533264160156
2021-12-03,0.06431293487548828
2021-12-06,0.25908756256103516
2021-12-07,0.2535743713378906
2021-12-08,-0.16353607177734375
2021-12-09,-0.11392688751220703
2021-12-10,-0.05512428283691406
2021-12-13,-0.17088794708251953
2021-12-14,0.1176004409790039
2021-12-15,-0.13597583770751953
2021-12-16,0.1819133758544922
2021-12-17,-0.13413715362548828
2021-12-20,-0.20028972625732422
2021-12-21,0.3178901672363281
2021-12-22,-0.0055141448974609375
2021-12-23,0.060638427734375
2021-12-27,0.04961204528808594
2021-12-28,0.10106182098388672
2021-12-29,-0.11392402648925781
2021-12-30,-0.05512428283691406
2022-01-03,0.17272377014160156
2022-01-04,0.18558788299560547
2022-01-05,0.13413715362548828
2022-01-06,-0.09738636016845703
2022-01-07,0.12862396240234375
2022-01-10,-0.09738636016845703
2022-01-11,0.11576271057128906
2022-01-12,0.2223377227783203
2022-01-13,-0.025725364685058594
2022-01-14,0.12494945526123047
2022-01-17,0.0477752685546875
2022-01-18,0.05328845977783203
2022-01-19,0.13781166076660156
2022-01-20,-0.11943626403808594
2022-01-21,-0.1690521240234375
2022-01-24,-0.3858757019042969
2022-01-25,0.3748512268066406
2022-01-26,0.35831356048583984
2022-01-27,0.3013496398925781
2022-01-28,-0.21866226196289062
2022-01-31,-0.24438858032226562
2022-02-01,0.13597583770751953
2022-02-02,-0.09187507629394531
2022-02-03,-0.06247520446777344
2022-02-04,0.17640018463134766
2022-02-07,-0.2701129913330078
2022-02-08,-0.13781166076660156
2022-02-09,0.19845008850097656
2022-02-10,0.042263031005859375
2022-02-11,0.21131229400634766
2022-02-14,-0.1874256134033203
2022-02-15,-0.1396503448486328
2022-02-16,0.12494945526123047
2022-02-17,0.023888587951660156
2022-02-18,0.12494945526123047
2022-02-21,-0.1433238983154297
2022-02-22,0.16353607177734375
2022-02-23,-0.060638427734375
2022-02-24,-0.05879783630371094
2022-02-25,0.3840370178222656
2022-02-28,0.047774314880371094
2022-03-01,0.3858757019042969
2022-03-02,0.25541210174560547
2022-03-03,-0.6100492477416992
2022-03-04,-0.9297761917114258
2022-03-07,0.5071516036987305
2022-03-08,0.24254894256591797
2022-03-09,-0.06247425079345703
2022-03-10,-0.4575376510620117
2022-03-11,-0.06247520446777344
2022-03-14,-0.053287506103515625
2022-03-15,-0.04961395263671875
2022-03-16,-0.14148616790771484
2022-03-17,0.31237316131591797
2022-03-18,-0.35096168518066406
2022-03-21,0.33626270294189453
2022-03-22,0.009188652038574219
2022-03-23,0.10841083526611328
2022-03-24,0.08452701568603516
2022-03-25,0.13781261444091797
2022-03-28,-0.17640113830566406
2022-03-29,-0.1616992950439453
2022-03-30,0.26276206970214844
2022-03-31,-0.08084964752197266
2022-04-01,0.11024951934814453
2022-04-04,0.025725364685058594
2022-04-05,0.060637474060058594
2022-04-06,-0.11025142669677734
2022-04-07,-0.11576175689697266
2022-04-08,0.5108261108398438
2022-04-11,-0.02021312713623047
2022-04-12,0.06431293487548828
2022-04-13,0.2829761505126953
2022-04-14,0.023886680603027344
2022-04-19,-0.045937538146972656
2022-04-20,0.07166194915771484
2022-04-21,-0.2094745635986328
2022-04-22,-0.38587474822998047
2022-04-25,-0.5971879959106445
2022-04-26,0.025724411010742188
2022-04-27,-0.025724411010742188
2022-04-28,0.2094736099243164
2022-04-29,0.2131519317626953
2022-05-02,-0.17456340789794922
2022-05-03,0.30135059356689453
2022-05-04,0.06614971160888672
2022-05-05,-0.0826873779296875
2022-05-06,0.08636188507080078
2022-05-09,-0.4832620620727539
2022-05-10,0.165374755859375
2022-05-11,0.33258819580078125
2022-05-12,-0.24255084991455078
2022-05-13,0.26092529296875
2022-05-16,0.17088794708251953
2022-05-17,0.09738731384277344
2022-05-18,-0.09187602996826172
2022-05-19,-0.04226207733154297
2022-05-20,0.095550537109375
2022-05-23,0.24081707000732422
2022-05-24,-0.098602294921875
2022-05-25,0.4835319519042969
2022-05-26,0.1194620132446289
2022-05-27,-0.05119800567626953
2022-05-30,0.007584571838378906
2022-05-31,-0.0018968582153320312
2022-06-01,-0.09481048583984375
2022-06-02,-0.02465057373046875
2022-06-03,0.17634868621826172
2022-06-06,0.16496944427490234
2022-06-07,-0.0037927627563476562
2022-06-08,-0.03413200378417969
2022-06-09,-0.34700489044189453
2022-06-10,-0.745208740234375
2022-06-13,-0.24840164184570312
2022-06-14,0.18203449249267578
2022-06-15,0.07964038848876953
2022-06-16,-0.6143693923950195
2022-06-17,-0.565068244934082
2022-06-20,0.032235145568847656
2022-06-21,0.03413200378417969
2022-06-22,-0.39820384979248047
2022-06-23,-0.2180624008178711
2022-06-24,0.2237529754638672
2022-06-27,-0.2237529754638672
2022-06-28,0.06636714935302734
2022-06-29,0.09670639038085938
2022-06-30,-0.2597799301147461
2022-07-01,-0.09481143951416016
2022-07-04,0.25598812103271484
2022-07-05,-0.6314353942871094
2022-07-06,-0.07205581665039062
2022-07-07,0.2749500274658203
2022-07-08,0.17065811157226562
2022-07-11,-0.02465057373046875
2022-07-12,-0.05878257751464844
2022-07-13,-0.020857810974121094
2022-07-14,-0.44750404357910156
2022-07-15,0.18393230438232422
2022-07-18,0.16686534881591797
2022-07-19,0.2749490737915039
2022-07-20,-0.12325382232666016
2022-07-21,-0.16496849060058594
2022-07-22,-0.028443336486816406
2022-07-25,0.08722496032714844
2022-07-26,-0.03981971740722656
2022-07-27,0.17065811157226562
2022-07-28,-0.10239505767822266
2022-07-29,0.5916147232055664
2022-08-01,-0.013273239135742188
2022-08-02,-0.24461078643798828
2022-08-03,-0.04171562194824219
2022-08-04,-0.009481430053710938
2022-08-05,0.0625753402709961
2022-08-08,-0.009480476379394531
2022-08-09,0.04361152648925781
2022-08-10,-0.06447029113769531
2022-08-11,0.15738487243652344
2022-08-12,0.03792381286621094
2022-08-16,-0.0493011474609375
2022-08-17,0.10808372497558594
2022-08-18,0.22943973541259766
2022-08-19,-0.155487060546875
2022-08-22,0.18013858795166016
2022-08-23,0.42474842071533203
2022-08-24,-0.14600658416748047
2022-08-25,0.2389211654663086
2022-08-26,-0.18013954162597656
2022-08-29,0.1744518280029297
2022-08-30,-0.25029945373535156
2022-08-31,-0.40578746795654297
2022-09-01,-0.0777444839477539
2022-09-02,0.34131717681884766
2022-09-05,0.19341182708740234
2022-09-06,-0.32045745849609375
2022-09-07,-0.3166666030883789
2022-09-08,-0.03413105010986328
2022-09-09,0.09481048583984375
2022-09-12,0.24840259552001953
2022-09-13,-0.10239505767822266
2022-09-14,-0.02465057373046875
2022-09-15,-0.25598812103271484
2022-09-16,-0.0910186767578125
2022-09-19,0.0
2022-09-20,-0.08120059967041016
2022-09-21,0.19333648681640625
2022-09-22,0.0
2022-09-23,-0.520075798034668
2022-09-26,-0.0657339096069336
2022-09-27,0.017398834228515625
2022-09-28,0.032868385314941406
2022-09-29,0.015466690063476562
2022-09-30,0.1044015884399414
2022-10-03,0.3209390640258789
2022-10-04,0.2880735397338867
2022-10-05,0.1778697967529297
2022-10-06,0.005799293518066406
2022-10-07,0.10633563995361328
2022-10-10,-0.056067466735839844
2022-10-11,-0.20493793487548828
2022-10-12,-0.16820240020751953
2022-10-13,0.2822713851928711
2022-10-14,0.09086894989013672
2022-10-17,0.0792684555053711
2022-10-18,-0.12953662872314453
2022-10-19,0.1314697265625
2022-10-20,0.22040367126464844
2022-10-21,-0.03480052947998047
2022-10-24,0.28613853454589844
2022-10-25,-0.030933380126953125
2022-10-26,0.15660381317138672
2022-10-27,0.4195404052734375
2022-10-28,0.2107372283935547
2022-10-31,0.11406898498535156
2022-11-01,0.2030038833618164
2022-11-02,0.06380176544189453
2022-11-03,0.1836700439453125
2022-11-04,0.28033924102783203
2022-11-07,0.2494039535522461
2022-11-08,-0.052201271057128906
2022-11-09,-0.18560314178466797
2022-11-10,0.04640007019042969
2022-11-11,0.20107173919677734
2022-11-14,0.1894702911376953
2022-11-15,0.0019330978393554688
2022-11-16,-0.11406898498535156
2022-11-17,-0.2629384994506836
2022-11-18,0.098602294921875
2022-11-21,-0.5145206451416016
2022-11-22,0.5970010757446289
2022-11-23,0.06676959991455078
2022-11-24,0.06284332275390625
2022-11-25,0.1119375228881836
2022-11-28,-0.2749357223510742
2022-11-29,0.17478084564208984
2022-11-30,0.1256847381591797
2022-12-01,-0.229766845703125
2022-12-02,-0.19441890716552734
2022-12-05,-0.05695152282714844
2022-12-06,-0.18852615356445312
2022-12-07,-0.20227432250976562
2022-12-08,0.08640861511230469
2022-12-09,0.0019636154174804688
2022-12-12,0.08051681518554688
2022-12-13,0.20227432250976562
2022-12-14,-0.20031070709228516
2022-12-15,-0.5498695373535156
2022-12-16,-0.14728736877441406
2022-12-19,0.08837223052978516
2022-12-20,0.00981903076171875
2022-12-21,0.4536428451538086
2022-12-22,-0.0844430923461914
2022-12-23,0.0981903076171875
2022-12-27,0.06873321533203125
2022-12-28,-0.037311553955078125
2022-12-29,0.08247947692871094
2022-12-30,-0.3004636764526367
2023-01-02,0.4143657684326172
2023-01-03,0.07658958435058594
2023-01-04,-0.20620155334472656
2023-01-05,0.03142070770263672
2023-01-06,0.22583961486816406
2023-01-09,0.10408306121826172
2023-01-10,0.02945709228515625
2023-01-11,0.2611875534057617
2023-01-12,0.17281723022460938
2023-01-13,0.005890846252441406
2023-01-16,-0.0922994613647461
2023-01-17,0.043204307556152344
2023-01-18,0.08640766143798828
2023-01-19,-0.20227336883544922
2023-01-20,0.19834613800048828
2023-01-23,-0.05498695373535156
2023-01-24,-0.2160205841064453
2023-01-25,-0.10211849212646484
2023-01-26,0.11979293823242188
2023-01-27,0.0922994613647461
2023-01-30,-0.11979293823242188
2023-01-31,-0.033385276794433594
2023-02-01,-0.28475379943847656
2023-02-02,-0.09426307678222656
2023-02-03,0.0922994613647461
2023-02-06,-0.1453227996826172
2023-02-07,0.20620155334472656
2023-02-08,0.2494049072265625
2023-02-09,0.18067169189453125
2023-02-10,0.39865589141845703
2023-02-13,0.017673492431640625
2023-02-14,0.05695152282714844
2023-02-15,-0.13354015350341797
2023-02-16,0.023566246032714844
2023-02-17,-0.4065113067626953
2023-02-20,0.049096107482910156
2023-02-21,-0.08051776885986328
2023-02-22,-0.1512136459350586
2023-02-23,-0.7423248291015625
2023-02-24,-0.1629962921142578
2023-02-27,0.20423603057861328
2023-02-28,-0.03338432312011719
2023-03-01,-0.19245433807373047
2023-03-02,0.1708526611328125
2023-03-03,0.08837127685546875
2023-03-06,0.10015583038330078
2023-03-07,-0.1119384765625
2023-03-08,-0.0039272308349609375
2023-03-09,-0.025529861450195312
2023-03-10,0.03731250762939453
2023-03-13,-0.49684715270996094
2023-03-14,0.11390209197998047
2023-03-15,-0.7167949676513672
2023-03-16,-0.1453237533569336
2023-03-17,0.0
2023-03-20,0.26400089263916016
2023-03-21,0.2579994201660156
2023-03-22,0.01399993896484375
2023-03-23,-0.02399921417236328
