0.00000, 1.00000, 0.00500
0.01000, 0.99990, 0.01000
0.02000, 0.99970, 0.01500
0.03000, 0.99940, 0.02000
0.04000, 0.99900, 0.02499
0.05000, 0.99850, 0.02999
0.06000, 0.99790, 0.03498
0.07000, 0.99720, 0.03997
0.08000, 0.99640, 0.04496
0.09000, 0.99550, 0.04994
0.10000, 0.99450, 0.05492
0.11000, 0.99339, 0.05989
0.12000, 0.99219, 0.06486
0.13000, 0.99089, 0.06982
0.14000, 0.98948, 0.07477
0.15000, 0.98798, 0.07972
0.16000, 0.98637, 0.08466
0.17000, 0.98466, 0.08959
0.18000, 0.98285, 0.09451
0.19000, 0.98094, 0.09942
0.20000, 0.97893, 0.10433
0.21000, 0.97681, 0.10922
0.22000, 0.97460, 0.11410
0.23000, 0.97227, 0.11897
0.24000, 0.96985, 0.12383
0.25000, 0.96732, 0.12868
0.26000, 0.96469, 0.13351
0.27000, 0.96195, 0.13833
0.28000, 0.95911, 0.14313
0.29000, 0.95617, 0.14792
0.30000, 0.95312, 0.15270
0.31000, 0.94996, 0.15745
0.32000, 0.94670, 0.16219
0.33000, 0.94333, 0.16692
0.34000, 0.93986, 0.17162
0.35000, 0.93627, 0.17631
0.36000, 0.93258, 0.18097
0.37000, 0.92878, 0.18562
0.38000, 0.92488, 0.19024
0.39000, 0.92086, 0.19484
0.40000, 0.91673, 0.19942
0.41000, 0.91250, 0.20398
0.42000, 0.90815, 0.20851
0.43000, 0.90369, 0.21302
0.44000, 0.89912, 0.21750
0.45000, 0.89443, 0.22195
0.46000, 0.88964, 0.22638
0.47000, 0.88472, 0.23078
0.48000, 0.87970, 0.23515
0.49000, 0.87455, 0.23949
0.50000, 0.86929, 0.24380
0.51000, 0.86392, 0.24807
0.52000, 0.85842, 0.25232
0.53000, 0.85281, 0.25653
0.54000, 0.84707, 0.26070
0.55000, 0.84122, 0.26484
0.56000, 0.83524, 0.26894
0.57000, 0.82914, 0.27300
0.58000, 0.82292, 0.27702
0.59000, 0.81657, 0.28100
0.60000, 0.81010, 0.28494
0.61000, 0.80350, 0.28883
0.62000, 0.79677, 0.29268
0.63000, 0.78991, 0.29649
0.64000, 0.78293, 0.30024
0.65000, 0.77581, 0.30395
0.66000, 0.76856, 0.30760
0.67000, 0.76117, 0.31120
0.68000, 0.75365, 0.31475
0.69000, 0.74599, 0.31825
0.70000, 0.73820, 0.32168
0.71000, 0.73026, 0.32505
0.72000, 0.72218, 0.32837
0.73000, 0.71396, 0.33162
0.74000, 0.70560, 0.33480
0.75000, 0.69709, 0.33792
0.76000, 0.68843, 0.34096
0.77000, 0.67962, 0.34394
0.78000, 0.67065, 0.34683
0.79000, 0.66154, 0.34965
0.80000, 0.65227, 0.35239
0.81000, 0.64284, 0.35505
0.82000, 0.63325, 0.35762
0.83000, 0.62350, 0.36010
0.84000, 0.61358, 0.36248
0.85000, 0.60350, 0.36477
0.86000, 0.59325, 0.36696
0.87000, 0.58282, 0.36905
0.88000, 0.57222, 0.37103
0.89000, 0.56145, 0.37289
0.90000, 0.55049, 0.37464
0.91000, 0.53935, 0.37627
0.92000, 0.52802, 0.37777
0.93000, 0.51651, 0.37914
0.94000, 0.50480, 0.38037
0.95000, 0.49289, 0.38145
0.96000, 0.48078, 0.38239
0.97000, 0.46847, 0.38316
0.98000, 0.45596, 0.38378
0.99000, 0.44323, 0.38422
1.00000, 0.43029, 0.38447
1.01000, 0.41712, 0.38454
1.02000, 0.40374, 0.38441
1.03000, 0.39012, 0.38407
1.04000, 0.37627, 0.38350
1.05000, 0.36218, 0.38270
1.06000, 0.34786, 0.38166
1.07000, 0.33328, 0.38035
1.08000, 0.31845, 0.37876
1.09000, 0.30336, 0.37688
1.10000, 0.28801, 0.37469
1.11000, 0.27240, 0.37217
1.12000, 0.25650, 0.36929
1.13000, 0.24034, 0.36603
1.14000, 0.22389, 0.36237
1.15000, 0.20715, 0.35826
1.16000, 0.19012, 0.35369
1.17000, 0.17280, 0.34862
1.18000, 0.15519, 0.34300
1.19000, 0.13729, 0.33678
1.20000, 0.11909, 0.32993
1.21000, 0.10061, 0.32237
1.22000, 0.08185, 0.31405
1.23000, 0.06283, 0.30489
1.24000, 0.04357, 0.29482
1.25000, 0.02411, 0.28373
1.26000, 0.00448, 0.27153
1.27000, -0.01526, 0.25810
1.28000, -0.03502, 0.24331
1.29000, -0.05469, 0.22703
1.30000, -0.07412, 0.20912
1.31000, -0.09313, 0.18942
1.32000, -0.11145, 0.16780
1.33000, -0.12879, 0.14417
1.34000, -0.14476, 0.11849
1.35000, -0.15895, 0.09081
1.36000, -0.17093, 0.06133
1.37000, -0.18032, 0.03036
1.38000, -0.18685, -0.00163
1.39000, -0.19043, -0.03412
1.40000, -0.19115, -0.06659
1.41000, -0.18924, -0.09858
1.42000, -0.18503, -0.12977
1.43000, -0.17886, -0.15994
1.44000, -0.17110, -0.18899
1.45000, -0.16204, -0.21688
1.46000, -0.15194, -0.24363
1.47000, -0.14103, -0.26929
1.48000, -0.12948, -0.29392
1.49000, -0.11743, -0.31759
1.50000, -0.10498, -0.34038
1.51000, -0.09224, -0.36234
1.52000, -0.07926, -0.38356
1.53000, -0.06610, -0.40408
1.54000, -0.05281, -0.42396
1.55000, -0.03943, -0.44325
1.56000, -0.02598, -0.46200
1.57000, -0.01248, -0.48024
1.58000, 0.00104, -0.49802
1.59000, 0.01458, -0.51537
1.60000, 0.02811, -0.53231
1.61000, 0.04163, -0.54888
1.62000, 0.05514, -0.56509
1.63000, 0.06861, -0.58098
1.64000, 0.08206, -0.59656
1.65000, 0.09548, -0.61184
1.66000, 0.10885, -0.62686
1.67000, 0.12219, -0.64162
1.68000, 0.13549, -0.65613
1.69000, 0.14874, -0.67041
1.70000, 0.16194, -0.68448
1.71000, 0.17510, -0.69833
1.72000, 0.18822, -0.71200
1.73000, 0.20128, -0.72547
1.74000, 0.21430, -0.73877
1.75000, 0.22727, -0.75189
1.76000, 0.24020, -0.76485
1.77000, 0.25308, -0.77766
1.78000, 0.26591, -0.79032
1.79000, 0.27869, -0.80284
1.80000, 0.29143, -0.81522
1.81000, 0.30413, -0.82747
1.82000, 0.31677, -0.83960
1.83000, 0.32938, -0.85160
1.84000, 0.34194, -0.86349
1.85000, 0.35446, -0.87526
1.86000, 0.36693, -0.88693
1.87000, 0.37936, -0.89850
1.88000, 0.39176, -0.90996
1.89000, 0.40411, -0.92133
1.90000, 0.41642, -0.93260
1.91000, 0.42869, -0.94378
1.92000, 0.44092, -0.95488
1.93000, 0.45311, -0.96589
1.94000, 0.46527, -0.97682
1.95000, 0.47738, -0.98767
1.96000, 0.48946, -0.99844
1.97000, 0.50151, -1.00914
1.98000, 0.51352, -1.01976
1.99000, 0.52549, -1.03032
2.00000, 0.53743, -1.04080
2.01000, 0.54934, -1.05122
2.02000, 0.56121, -1.06158
2.03000, 0.57305, -1.07187
2.04000, 0.58485, -1.08210
2.05000, 0.59663, -1.09227
2.06000, 0.60837, -1.10238
2.07000, 0.62009, -1.11243
2.08000, 0.63177, -1.12243
2.09000, 0.64342, -1.13238
2.10000, 0.65504, -1.14227
2.11000, 0.66663, -1.15212
2.12000, 0.67820, -1.16191
2.13000, 0.68974, -1.17165
2.14000, 0.70124, -1.18135
2.15000, 0.71273, -1.19100
2.16000, 0.72418, -1.20060
2.17000, 0.73561, -1.21016
2.18000, 0.74701, -1.21968
2.19000, 0.75838, -1.22915
2.20000, 0.76973, -1.23858
2.21000, 0.78106, -1.24797
2.22000, 0.79236, -1.25732
2.23000, 0.80363, -1.26663
2.24000, 0.81488, -1.27591
2.25000, 0.82611, -1.28514
2.26000, 0.83731, -1.29434
2.27000, 0.84849, -1.30351
2.28000, 0.85965, -1.31263
2.29000, 0.87079, -1.32173
2.30000, 0.88190, -1.33079
2.31000, 0.89299, -1.33981
2.32000, 0.90406, -1.34880
2.33000, 0.91511, -1.35776
2.34000, 0.92613, -1.36669
2.35000, 0.93714, -1.37559
2.36000, 0.94813, -1.38446
2.37000, 0.95909, -1.39330
2.38000, 0.97004, -1.40211
2.39000, 0.98096, -1.41089
2.40000, 0.99187, -1.41964
2.41000, 1.00275, -1.42836
2.42000, 1.01362, -1.43706
2.43000, 1.02447, -1.44573
2.44000, 1.03530, -1.45437
2.45000, 1.04611, -1.46299
2.46000, 1.05690, -1.47158
2.47000, 1.06768, -1.48015
2.48000, 1.07843, -1.48869
2.49000, 1.08917, -1.49721
2.50000, 1.09990, -1.50570
2.51000, 1.11060, -1.51417
2.52000, 1.12129, -1.52262
2.53000, 1.13196, -1.53104
2.54000, 1.14262, -1.53944
2.55000, 1.15325, -1.54782
2.56000, 1.16388, -1.55618
2.57000, 1.17448, -1.56452
2.58000, 1.18507, -1.57283
2.59000, 1.19565, -1.58112
2.60000, 1.20621, -1.58940
2.61000, 1.21675, -1.59765
2.62000, 1.22728, -1.60588
2.63000, 1.23779, -1.61410
2.64000, 1.24829, -1.62229
2.65000, 1.25878, -1.63046
2.66000, 1.26924, -1.63862
2.67000, 1.27970, -1.64676
2.68000, 1.29014, -1.65488
2.69000, 1.30057, -1.66298
2.70000, 1.31098, -1.67106
2.71000, 1.32138, -1.67912
2.72000, 1.33176, -1.68717
2.73000, 1.34214, -1.69520
2.74000, 1.35249, -1.70321
2.75000, 1.36284, -1.71121
2.76000, 1.37317, -1.71919
2.77000, 1.38349, -1.72715
2.78000, 1.39380, -1.73510
2.79000, 1.40409, -1.74303
2.80000, 1.41437, -1.75095
2.81000, 1.42464, -1.75885
2.82000, 1.43489, -1.76673
2.83000, 1.44514, -1.77460
2.84000, 1.45537, -1.78246
2.85000, 1.46559, -1.79030
2.86000, 1.47579, -1.79812
2.87000, 1.48599, -1.80593
2.88000, 1.49617, -1.81373
2.89000, 1.50634, -1.82151
2.90000, 1.51650, -1.82928
2.91000, 1.52665, -1.83703
2.92000, 1.53679, -1.84478
2.93000, 1.54692, -1.85250
2.94000, 1.55703, -1.86022
2.95000, 1.56714, -1.86792
2.96000, 1.57723, -1.87561
2.97000, 1.58731, -1.88328
2.98000, 1.59739, -1.89094
2.99000, 1.60745, -1.89859
3.00000, 1.61750, -1.90623
3.01000, 1.62754, -1.91386
3.02000, 1.63757, -1.92147
3.03000, 1.64759, -1.92907
3.04000, 1.65760, -1.93666
3.05000, 1.66760, -1.94423
3.06000, 1.67759, -1.95180
3.07000, 1.68757, -1.95935
3.08000, 1.69754, -1.96689
3.09000, 1.70750, -1.97443
3.10000, 1.71745, -1.98195
3.11000, 1.72739, -1.98945
3.12000, 1.73732, -1.99695
3.13000, 1.74724, -2.00444
3.14000, 1.75715, -2.01191
3.15000, 1.76706, -2.01938
3.16000, 1.77695, -2.02683
3.17000, 1.78683, -2.03428
3.18000, 1.79671, -2.04171
3.19000, 1.80658, -2.04914
3.20000, 1.81643, -2.05655
3.21000, 1.82628, -2.06395
3.22000, 1.83612, -2.07135
3.23000, 1.84595, -2.07873
3.24000, 1.85578, -2.08610
3.25000, 1.86559, -2.09347
3.26000, 1.87540, -2.10082
3.27000, 1.88519, -2.10817
3.28000, 1.89498, -2.11550
3.29000, 1.90476, -2.12283
3.30000, 1.91453, -2.13015
3.31000, 1.92430, -2.13745
3.32000, 1.93405, -2.14475
3.33000, 1.94380, -2.15204
3.34000, 1.95354, -2.15932
3.35000, 1.96327, -2.16660
3.36000, 1.97300, -2.17386
3.37000, 1.98271, -2.18111
3.38000, 1.99242, -2.18836
3.39000, 2.00212, -2.19560
3.40000, 2.01181, -2.20283
3.41000, 2.02150, -2.21005
3.42000, 2.03118, -2.21726
3.43000, 2.04085, -2.22446
3.44000, 2.05051, -2.23166
3.45000, 2.06016, -2.23885
3.46000, 2.06981, -2.24603
3.47000, 2.07945, -2.25320
3.48000, 2.08908, -2.26036
3.49000, 2.09871, -2.26752
3.50000, 2.10833, -2.27467
3.51000, 2.11794, -2.28181
3.52000, 2.12755, -2.28894
3.53000, 2.13714, -2.29607
3.54000, 2.14673, -2.30319
3.55000, 2.15632, -2.31030
3.56000, 2.16589, -2.31740
3.57000, 2.17546, -2.32450
3.58000, 2.18503, -2.33159
3.59000, 2.19458, -2.33867
3.60000, 2.20413, -2.34574
3.61000, 2.21368, -2.35281
3.62000, 2.22321, -2.35987
3.63000, 2.23274, -2.36693
3.64000, 2.24227, -2.37397
3.65000, 2.25178, -2.38101
3.66000, 2.26129, -2.38804
3.67000, 2.27080, -2.39507
3.68000, 2.28029, -2.40209
3.69000, 2.28979, -2.40910
3.70000, 2.29927, -2.41611
3.71000, 2.30875, -2.42311
3.72000, 2.31822, -2.43010
3.73000, 2.32769, -2.43709
3.74000, 2.33715, -2.44407
3.75000, 2.34660, -2.45104
3.76000, 2.35605, -2.45801
3.77000, 2.36549, -2.46497
3.78000, 2.37493, -2.47192
3.79000, 2.38436, -2.47887
3.80000, 2.39378, -2.48582
3.81000, 2.40320, -2.49275
3.82000, 2.41262, -2.49968
3.83000, 2.42202, -2.50661
3.84000, 2.43142, -2.51353
3.85000, 2.44082, -2.52044
3.86000, 2.45021, -2.52735
3.87000, 2.45959, -2.53425
3.88000, 2.46897, -2.54114
3.89000, 2.47834, -2.54803
3.90000, 2.48771, -2.55491
3.91000, 2.49707, -2.56179
3.92000, 2.50643, -2.56866
3.93000, 2.51578, -2.57553
3.94000, 2.52513, -2.58239
3.95000, 2.53447, -2.58925
3.96000, 2.54380, -2.59610
3.97000, 2.55313, -2.60294
3.98000, 2.56245, -2.60978
3.99000, 2.57177, -2.61662
4.00000, 2.58109, -2.62344
4.01000, 2.59040, -2.63027
4.02000, 2.59970, -2.63709
4.03000, 2.60900, -2.64390
4.04000, 2.61829, -2.65071
4.05000, 2.62758, -2.65751
4.06000, 2.63686, -2.66431
4.07000, 2.64614, -2.67110
4.08000, 2.65541, -2.67789
4.09000, 2.66468, -2.68467
4.10000, 2.67394, -2.69144
4.11000, 2.68320, -2.69822
4.12000, 2.69245, -2.70498
4.13000, 2.70170, -2.71175
4.14000, 2.71094, -2.71850
4.15000, 2.72018, -2.72526
4.16000, 2.72942, -2.73200
4.17000, 2.73864, -2.73875
4.18000, 2.74787, -2.74549
4.19000, 2.75709, -2.75222
4.20000, 2.76630, -2.75895
4.21000, 2.77551, -2.76567
4.22000, 2.78472, -2.77239
4.23000, 2.79392, -2.77911
4.24000, 2.80312, -2.78582
4.25000, 2.81231, -2.79252
4.26000, 2.82149, -2.79923
4.27000, 2.83068, -2.80592
4.28000, 2.83986, -2.81261
4.29000, 2.84903, -2.81930
4.30000, 2.85820, -2.82599
4.31000, 2.86736, -2.83267
4.32000, 2.87652, -2.83934
4.33000, 2.88568, -2.84601
4.34000, 2.89483, -2.85268
4.35000, 2.90398, -2.85934
4.36000, 2.91312, -2.86600
4.37000, 2.92226, -2.87265
4.38000, 2.93140, -2.87930
4.39000, 2.94053, -2.88595
4.40000, 2.94965, -2.89259
4.41000, 2.95877, -2.89922
4.42000, 2.96789, -2.90586
4.43000, 2.97700, -2.91249
4.44000, 2.98611, -2.91911
4.45000, 2.99522, -2.92573
4.46000, 3.00432, -2.93235
4.47000, 3.01342, -2.93896
4.48000, 3.02251, -2.94557
4.49000, 3.03160, -2.95217
4.50000, 3.04068, -2.95877
4.51000, 3.04976, -2.96537
4.52000, 3.05884, -2.97196
4.53000, 3.06791, -2.97855
4.54000, 3.07698, -2.98514
4.55000, 3.08605, -2.99172
4.56000, 3.09511, -2.99830
4.57000, 3.10417, -3.00487
4.58000, 3.11322, -3.01144
4.59000, 3.12227, -3.01801
4.60000, 3.13132, -3.02457
4.61000, 3.14036, -3.03113
4.62000, 3.14940, -3.03769
4.63000, 3.15843, -3.04424
4.64000, 3.16746, -3.05079
4.65000, 3.17649, -3.05733
4.66000, 3.18551, -3.06387
4.67000, 3.19453, -3.07041
4.68000, 3.20355, -3.07694
4.69000, 3.21256, -3.08347
4.70000, 3.22157, -3.09000
4.71000, 3.23057, -3.09652
4.72000, 3.23957, -3.10304
4.73000, 3.24857, -3.10956
4.74000, 3.25756, -3.11607
4.75000, 3.26655, -3.12258
4.76000, 3.27554, -3.12909
4.77000, 3.28452, -3.13559
4.78000, 3.29350, -3.14209
4.79000, 3.30248, -3.14859
4.80000, 3.31145, -3.15508
4.81000, 3.32042, -3.16157
4.82000, 3.32939, -3.16806
4.83000, 3.33835, -3.17454
4.84000, 3.34731, -3.18102
4.85000, 3.35626, -3.18749
4.86000, 3.36522, -3.19397
4.87000, 3.37417, -3.20044
4.88000, 3.38311, -3.20690
4.89000, 3.39205, -3.21337
4.90000, 3.40099, -3.21983
4.91000, 3.40993, -3.22628
4.92000, 3.41886, -3.23274
4.93000, 3.42779, -3.23919
4.94000, 3.43671, -3.24564
4.95000, 3.44564, -3.25208
4.96000, 3.45455, -3.25852
4.97000, 3.46347, -3.26496
4.98000, 3.47238, -3.27140
4.99000, 3.48129, -3.27783
5.00000, 3.49020, -3.28426
5.01000, 3.49910, -3.29069
5.02000, 3.50800, -3.29711
5.03000, 3.51690, -3.30353
5.04000, 3.52579, -3.30995
5.05000, 3.53468, -3.31636
5.06000, 3.54357, -3.32278
5.07000, 3.55245, -3.32918
5.08000, 3.56133, -3.33559
5.09000, 3.57021, -3.34199
5.10000, 3.57909, -3.34839
5.11000, 3.58796, -3.35479
5.12000, 3.59683, -3.36119
5.13000, 3.60569, -3.36758
5.14000, 3.61455, -3.37397
5.15000, 3.62341, -3.38035
5.16000, 3.63227, -3.38673
5.17000, 3.64112, -3.39312
5.18000, 3.64998, -3.39949
5.19000, 3.65882, -3.40587
5.20000, 3.66767, -3.41224
5.21000, 3.67651, -3.41861
5.22000, 3.68535, -3.42498
5.23000, 3.69418, -3.43134
5.24000, 3.70302, -3.43770
5.25000, 3.71185, -3.44406
5.26000, 3.72068, -3.45042
5.27000, 3.72950, -3.45677
5.28000, 3.73832, -3.46312
5.29000, 3.74714, -3.46947
5.30000, 3.75596, -3.47581
5.31000, 3.76477, -3.48216
5.32000, 3.77358, -3.48850
5.33000, 3.78239, -3.49484
5.34000, 3.79119, -3.50117
5.35000, 3.80000, -3.50750
5.36000, 3.80880, -3.51383
5.37000, 3.81759, -3.52016
5.38000, 3.82639, -3.52649
5.39000, 3.83518, -3.53281
5.40000, 3.84397, -3.53913
5.41000, 3.85275, -3.54545
5.42000, 3.86153, -3.55176
5.43000, 3.87031, -3.55807
5.44000, 3.87909, -3.56438
5.45000, 3.88787, -3.57069
5.46000, 3.89664, -3.57700
5.47000, 3.90541, -3.58330
5.48000, 3.91418, -3.58960
5.49000, 3.92294, -3.59590
5.50000, 3.93170, -3.60219
5.51000, 3.94046, -3.60849
5.52000, 3.94922, -3.61478
5.53000, 3.95797, -3.62107
5.54000, 3.96672, -3.62735
5.55000, 3.97547, -3.63363
5.56000, 3.98422, -3.63992
5.57000, 3.99296, -3.64620
5.58000, 4.00170, -3.65247
5.59000, 4.01044, -3.65875
5.60000, 4.01918, -3.66502
5.61000, 4.02791, -3.67129
5.62000, 4.03664, -3.67756
5.63000, 4.04537, -3.68382
5.64000, 4.05410, -3.69008
5.65000, 4.06282, -3.69634
5.66000, 4.07155, -3.70260
5.67000, 4.08026, -3.70886
5.68000, 4.08898, -3.71511
5.69000, 4.09769, -3.72137
5.70000, 4.10641, -3.72762
5.71000, 4.11512, -3.73386
5.72000, 4.12382, -3.74011
5.73000, 4.13253, -3.74635
5.74000, 4.14123, -3.75259
5.75000, 4.14993, -3.75883
5.76000, 4.15863, -3.76507
5.77000, 4.16732, -3.77130
5.78000, 4.17601, -3.77753
5.79000, 4.18470, -3.78376
5.80000, 4.19339, -3.78999
5.81000, 4.20208, -3.79622
5.82000, 4.21076, -3.80244
5.83000, 4.21944, -3.80866
5.84000, 4.22812, -3.81488
5.85000, 4.23680, -3.82110
5.86000, 4.24547, -3.82732
5.87000, 4.25414, -3.83353
5.88000, 4.26281, -3.83974
5.89000, 4.27148, -3.84595
5.90000, 4.28014, -3.85216
5.91000, 4.28880, -3.85837
5.92000, 4.29747, -3.86457
5.93000, 4.30612, -3.87077
5.94000, 4.31478, -3.87697
5.95000, 4.32343, -3.88317
5.96000, 4.33208, -3.88936
5.97000, 4.34073, -3.89556
5.98000, 4.34938, -3.90175
5.99000, 4.35803, -3.90794
6.00000, 4.36667, -3.91412
6.01000, 4.37531, -3.92031
6.02000, 4.38395, -3.92649
6.03000, 4.39258, -3.93268
6.04000, 4.40122, -3.93885
6.05000, 4.40985, -3.94503
6.06000, 4.41848, -3.95121
6.07000, 4.42711, -3.95738
6.08000, 4.43573, -3.96355
6.09000, 4.44436, -3.96973
6.10000, 4.45298, -3.97589
6.11000, 4.46160, -3.98206
6.12000, 4.47021, -3.98822
6.13000, 4.47883, -3.99439
6.14000, 4.48744, -4.00055
6.15000, 4.49605, -4.00671
6.16000, 4.50466, -4.01286
6.17000, 4.51327, -4.01902
6.18000, 4.52187, -4.02517
6.19000, 4.53048, -4.03133
6.20000, 4.53908, -4.03748
6.21000, 4.54768, -4.04362
6.22000, 4.55627, -4.04977
6.23000, 4.56487, -4.05591
6.24000, 4.57346, -4.06206
6.25000, 4.58205, -4.06820
6.26000, 4.59064, -4.07434
6.27000, 4.59923, -4.08047
6.28000, 4.60781, -4.08661
6.29000, 4.61639, -4.09274
6.30000, 4.62497, -4.09888
6.31000, 4.63355, -4.10501
6.32000, 4.64213, -4.11114
6.33000, 4.65070, -4.11726
6.34000, 4.65928, -4.12339
6.35000, 4.66785, -4.12951
6.36000, 4.67642, -4.13563
6.37000, 4.68498, -4.14175
6.38000, 4.69355, -4.14787
6.39000, 4.70211, -4.15399
6.40000, 4.71067, -4.16010
6.41000, 4.71923, -4.16622
6.42000, 4.72779, -4.17233
6.43000, 4.73635, -4.17844
6.44000, 4.74490, -4.18455
6.45000, 4.75345, -4.19065
6.46000, 4.76200, -4.19676
6.47000, 4.77055, -4.20286
6.48000, 4.77910, -4.20896
6.49000, 4.78764, -4.21506
6.50000, 4.79618, -4.22116
6.51000, 4.80472, -4.22726
6.52000, 4.81326, -4.23335
6.53000, 4.82180, -4.23945
6.54000, 4.83033, -4.24554
6.55000, 4.83887, -4.25163
6.56000, 4.84740, -4.25772
6.57000, 4.85593, -4.26381
6.58000, 4.86446, -4.26989
6.59000, 4.87298, -4.27597
6.60000, 4.88151, -4.28206
6.61000, 4.89003, -4.28814
6.62000, 4.89855, -4.29422
6.63000, 4.90707, -4.30030
6.64000, 4.91559, -4.30637
6.65000, 4.92410, -4.31245
6.66000, 4.93262, -4.31852
6.67000, 4.94113, -4.32459
6.68000, 4.94964, -4.33066
6.69000, 4.95815, -4.33673
6.70000, 4.96665, -4.34280
6.71000, 4.97516, -4.34886
6.72000, 4.98366, -4.35493
6.73000, 4.99216, -4.36099
6.74000, 5.00066, -4.36705
6.75000, 5.00916, -4.37311
6.76000, 5.01766, -4.37917
6.77000, 5.02615, -4.38522
6.78000, 5.03464, -4.39128
6.79000, 5.04314, -4.39733
6.80000, 5.05162, -4.40338
6.81000, 5.06011, -4.40943
6.82000, 5.06860, -4.41548
6.83000, 5.07708, -4.42153
6.84000, 5.08557, -4.42758
6.85000, 5.09405, -4.43362
6.86000, 5.10253, -4.43966
6.87000, 5.11100, -4.44571
6.88000, 5.11948, -4.45175
6.89000, 5.12796, -4.45779
6.90000, 5.13643, -4.46382
6.91000, 5.14490, -4.46986
6.92000, 5.15337, -4.47589
6.93000, 5.16184, -4.48193
6.94000, 5.17030, -4.48796
6.95000, 5.17877, -4.49399
6.96000, 5.18723, -4.50002
6.97000, 5.19569, -4.50605
6.98000, 5.20415, -4.51207
6.99000, 5.21261, -4.51810
7.00000, 5.22107, -4.52412
7.01000, 5.22952, -4.53014
7.02000, 5.23798, -4.53617
7.03000, 5.24643, -4.54218
7.04000, 5.25488, -4.54820
7.05000, 5.26333, -4.55422
7.06000, 5.27178, -4.56023
7.07000, 5.28022, -4.56625
7.08000, 5.28867, -4.57226
7.09000, 5.29711, -4.57827
7.10000, 5.30555, -4.58428
7.11000, 5.31399, -4.59029
7.12000, 5.32243, -4.59630
7.13000, 5.33086, -4.60230
7.14000, 5.33930, -4.60831
7.15000, 5.34773, -4.61431
7.16000, 5.35616, -4.62031
7.17000, 5.36460, -4.62632
7.18000, 5.37302, -4.63232
7.19000, 5.38145, -4.63831
7.20000, 5.38988, -4.64431
7.21000, 5.39830, -4.65031
7.22000, 5.40672, -4.65630
7.23000, 5.41515, -4.66229
7.24000, 5.42357, -4.66828
7.25000, 5.43198, -4.67427
7.26000, 5.44040, -4.68026
7.27000, 5.44882, -4.68625
7.28000, 5.45723, -4.69224
7.29000, 5.46564, -4.69822
7.30000, 5.47405, -4.70421
7.31000, 5.48246, -4.71019
7.32000, 5.49087, -4.71617
7.33000, 5.49928, -4.72215
7.34000, 5.50768, -4.72813
7.35000, 5.51609, -4.73411
7.36000, 5.52449, -4.74009
7.37000, 5.53289, -4.74606
7.38000, 5.54129, -4.75204
7.39000, 5.54969, -4.75801
7.40000, 5.55809, -4.76398
7.41000, 5.56648, -4.76995
7.42000, 5.57487, -4.77592
7.43000, 5.58327, -4.78189
7.44000, 5.59166, -4.78786
7.45000, 5.60005, -4.79382
7.46000, 5.60844, -4.79979
7.47000, 5.61682, -4.80575
7.48000, 5.62521, -4.81171
7.49000, 5.63359, -4.81767
7.50000, 5.64197, -4.82363
7.51000, 5.65036, -4.82959
7.52000, 5.65874, -4.83555
7.53000, 5.66711, -4.84150
7.54000, 5.67549, -4.84746
7.55000, 5.68387, -4.85341
7.56000, 5.69224, -4.85936
7.57000, 5.70061, -4.86532
7.58000, 5.70899, -4.87127
7.59000, 5.71736, -4.87722
7.60000, 5.72573, -4.88316
7.61000, 5.73409, -4.88911
7.62000, 5.74246, -4.89506
7.63000, 5.75082, -4.90100
7.64000, 5.75919, -4.90694
7.65000, 5.76755, -4.91289
7.66000, 5.77591, -4.91883
7.67000, 5.78427, -4.92477
7.68000, 5.79263, -4.93071
7.69000, 5.80099, -4.93664
7.70000, 5.80934, -4.94258
7.71000, 5.81770, -4.94852
7.72000, 5.82605, -4.95445
7.73000, 5.83440, -4.96038
7.74000, 5.84275, -4.96632
7.75000, 5.85110, -4.97225
7.76000, 5.85945, -4.97818
7.77000, 5.86779, -4.98411
7.78000, 5.87614, -4.99003
7.79000, 5.88448, -4.99596
7.80000, 5.89283, -5.00189
7.81000, 5.90117, -5.00781
7.82000, 5.90951, -5.01373
7.83000, 5.91785, -5.01966
7.84000, 5.92618, -5.02558
7.85000, 5.93452, -5.03150
7.86000, 5.94286, -5.03742
7.87000, 5.95119, -5.04334
7.88000, 5.95952, -5.04925
7.89000, 5.96785, -5.05517
7.90000, 5.97618, -5.06108
7.91000, 5.98451, -5.06700
7.92000, 5.99284, -5.07291
7.93000, 6.00117, -5.07882
7.94000, 6.00949, -5.08473
7.95000, 6.01781, -5.09064
7.96000, 6.02614, -5.09655
7.97000, 6.03446, -5.10246
7.98000, 6.04278, -5.10836
7.99000, 6.05110, -5.11427
8.00000, 6.05941, -5.12017
8.01000, 6.06773, -5.12608
8.02000, 6.07605, -5.13198
8.03000, 6.08436, -5.13788
8.04000, 6.09267, -5.14378
8.05000, 6.10099, -5.14968
8.06000, 6.10930, -5.15558
8.07000, 6.11760, -5.16148
8.08000, 6.12591, -5.16737
8.09000, 6.13422, -5.17327
8.10000, 6.14253, -5.17916
8.11000, 6.15083, -5.18506
8.12000, 6.15913, -5.19095
8.13000, 6.16743, -5.19684
8.14000, 6.17574, -5.20273
8.15000, 6.18404, -5.20862
8.16000, 6.19233, -5.21451
8.17000, 6.20063, -5.22040
8.18000, 6.20893, -5.22628
8.19000, 6.21722, -5.23217
8.20000, 6.22552, -5.23805
8.21000, 6.23381, -5.24393
8.22000, 6.24210, -5.24982
8.23000, 6.25039, -5.25570
8.24000, 6.25868, -5.26158
8.25000, 6.26697, -5.26746
8.26000, 6.27526, -5.27334
8.27000, 6.28354, -5.27922
8.28000, 6.29183, -5.28509
8.29000, 6.30011, -5.29097
8.30000, 6.30839, -5.29684
8.31000, 6.31667, -5.30272
8.32000, 6.32495, -5.30859
8.33000, 6.33323, -5.31446
8.34000, 6.34151, -5.32033
8.35000, 6.34979, -5.32620
8.36000, 6.35806, -5.33207
8.37000, 6.36634, -5.33794
8.38000, 6.37461, -5.34381
8.39000, 6.38288, -5.34967
8.40000, 6.39116, -5.35554
8.41000, 6.39943, -5.36140
8.42000, 6.40769, -5.36727
8.43000, 6.41596, -5.37313
8.44000, 6.42423, -5.37899
8.45000, 6.43249, -5.38485
8.46000, 6.44076, -5.39071
8.47000, 6.44902, -5.39657
8.48000, 6.45729, -5.40243
8.49000, 6.46555, -5.40829
8.50000, 6.47381, -5.41414
8.51000, 6.48207, -5.42000
8.52000, 6.49032, -5.42585
8.53000, 6.49858, -5.43170
8.54000, 6.50684, -5.43756
8.55000, 6.51509, -5.44341
8.56000, 6.52335, -5.44926
8.57000, 6.53160, -5.45511
8.58000, 6.53985, -5.46096
8.59000, 6.54810, -5.46681
8.60000, 6.55635, -5.47265
8.61000, 6.56460, -5.47850
8.62000, 6.57285, -5.48435
8.63000, 6.58109, -5.49019
8.64000, 6.58934, -5.49603
8.65000, 6.59758, -5.50188
8.66000, 6.60583, -5.50772
8.67000, 6.61407, -5.51356
8.68000, 6.62231, -5.51940
8.69000, 6.63055, -5.52524
8.70000, 6.63879, -5.53108
8.71000, 6.64703, -5.53692
8.72000, 6.65527, -5.54275
8.73000, 6.66350, -5.54859
8.74000, 6.67174, -5.55442
8.75000, 6.67997, -5.56026
8.76000, 6.68820, -5.56609
8.77000, 6.69644, -5.57193
8.78000, 6.70467, -5.57776
8.79000, 6.71290, -5.58359
8.80000, 6.72113, -5.58942
8.81000, 6.72935, -5.59525
8.82000, 6.73758, -5.60108
8.83000, 6.74581, -5.60690
8.84000, 6.75403, -5.61273
8.85000, 6.76226, -5.61856
8.86000, 6.77048, -5.62438
8.87000, 6.77870, -5.63021
8.88000, 6.78692, -5.63603
8.89000, 6.79514, -5.64185
8.90000, 6.80336, -5.64767
8.91000, 6.81158, -5.65349
8.92000, 6.81979, -5.65931
8.93000, 6.82801, -5.66513
8.94000, 6.83623, -5.67095
8.95000, 6.84444, -5.67677
8.96000, 6.85265, -5.68259
8.97000, 6.86087, -5.68840
8.98000, 6.86908, -5.69422
8.99000, 6.87729, -5.70003
9.00000, 6.88550, -5.70585
9.01000, 6.89370, -5.71166
9.02000, 6.90191, -5.71747
9.03000, 6.91012, -5.72328
9.04000, 6.91832, -5.72909
9.05000, 6.92653, -5.73490
9.06000, 6.93473, -5.74071
9.07000, 6.94293, -5.74652
9.08000, 6.95114, -5.75233
9.09000, 6.95934, -5.75813
9.10000, 6.96754, -5.76394
9.11000, 6.97573, -5.76974
9.12000, 6.98393, -5.77555
9.13000, 6.99213, -5.78135
9.14000, 7.00032, -5.78715
9.15000, 7.00852, -5.79296
9.16000, 7.01671, -5.79876
9.17000, 7.02491, -5.80456
9.18000, 7.03310, -5.81036
9.19000, 7.04129, -5.81616
9.20000, 7.04948, -5.82195
9.21000, 7.05767, -5.82775
9.22000, 7.06586, -5.83355
9.23000, 7.07405, -5.83934
9.24000, 7.08223, -5.84514
9.25000, 7.09042, -5.85093
9.26000, 7.09860, -5.85673
9.27000, 7.10679, -5.86252
9.28000, 7.11497, -5.86831
9.29000, 7.12315, -5.87410
9.30000, 7.13133, -5.87989
9.31000, 7.13951, -5.88568
9.32000, 7.14769, -5.89147
9.33000, 7.15587, -5.89726
9.34000, 7.16405, -5.90305
9.35000, 7.17223, -5.90883
9.36000, 7.18040, -5.91462
9.37000, 7.18858, -5.92041
9.38000, 7.19675, -5.92619
9.39000, 7.20492, -5.93197
9.40000, 7.21309, -5.93776
9.41000, 7.22127, -5.94354
9.42000, 7.22944, -5.94932
9.43000, 7.23761, -5.95510
9.44000, 7.24577, -5.96088
9.45000, 7.25394, -5.96666
9.46000, 7.26211, -5.97244
9.47000, 7.27028, -5.97822
9.48000, 7.27844, -5.98400
9.49000, 7.28661, -5.98977
9.50000, 7.29477, -5.99555
9.51000, 7.30293, -6.00132
9.52000, 7.31109, -6.00710
9.53000, 7.31925, -6.01287
9.54000, 7.32741, -6.01864
9.55000, 7.33557, -6.02442
9.56000, 7.34373, -6.03019
9.57000, 7.35189, -6.03596
9.58000, 7.36004, -6.04173
9.59000, 7.36820, -6.04750
9.60000, 7.37636, -6.05327
9.61000, 7.38451, -6.05904
9.62000, 7.39266, -6.06480
9.63000, 7.40081, -6.07057
9.64000, 7.40897, -6.07634
9.65000, 7.41712, -6.08210
9.66000, 7.42527, -6.08787
9.67000, 7.43341, -6.09363
9.68000, 7.44156, -6.09939
9.69000, 7.44971, -6.10516
9.70000, 7.45786, -6.11092
9.71000, 7.46600, -6.11668
9.72000, 7.47415, -6.12244
9.73000, 7.48229, -6.12820
9.74000, 7.49043, -6.13396
9.75000, 7.49858, -6.13972
9.76000, 7.50672, -6.14547
9.77000, 7.51486, -6.15123
9.78000, 7.52300, -6.15699
9.79000, 7.53114, -6.16274
9.80000, 7.53927, -6.16850
9.81000, 7.54741, -6.17425
9.82000, 7.55555, -6.18001
9.83000, 7.56368, -6.18576
9.84000, 7.57182, -6.19151
9.85000, 7.57995, -6.19726
9.86000, 7.58809, -6.20302
9.87000, 7.59622, -6.20877
9.88000, 7.60435, -6.21452
9.89000, 7.61248, -6.22026
9.90000, 7.62061, -6.22601
9.91000, 7.62874, -6.23176
9.92000, 7.63687, -6.23751
9.93000, 7.64500, -6.24325
9.94000, 7.65312, -6.24900
9.95000, 7.66125, -6.25475
9.96000, 7.66937, -6.26049
9.97000, 7.67750, -6.26623
9.98000, 7.68562, -6.27198
9.99000, 7.69375, -6.27772
10.00000, 7.70187, -6.28346
